date,SELIC
1998-12-31,28.96
1999-01-04,29.04
1999-01-05,28.93
1999-01-06,28.94
1999-01-07,29.01
1999-01-08,29.13
1999-01-11,29.34
1999-01-12,29.33
1999-01-13,29.81
1999-01-14,29.83
1999-01-15,30.09
1999-01-18,29.85
1999-01-19,32.03
1999-01-20,32.17
1999-01-21,32.99
1999-01-22,32.48
1999-01-25,32.47
1999-01-26,32.48
1999-01-27,33.86
1999-01-28,35.48
1999-01-29,36.94
1999-02-01,38.79
1999-02-02,38.97
1999-02-03,38.99
1999-02-04,38.99
1999-02-05,38.99
1999-02-08,38.99
1999-02-09,38.99
1999-02-10,38.99
1999-02-11,38.99
1999-02-12,39
1999-02-17,38.99
1999-02-18,38.99
1999-02-19,38.99
1999-02-22,38.93
1999-02-23,38.98
1999-02-24,39
1999-02-25,38.97
1999-02-26,39
1999-03-01,38.98
1999-03-02,38.98
1999-03-03,39
1999-03-04,38.97
1999-03-05,44.92
1999-03-08,44.97
1999-03-09,44.84
1999-03-10,44.91
1999-03-11,44.97
1999-03-12,44.96
1999-03-15,44.96
1999-03-16,44.96
1999-03-17,44.96
1999-03-18,44.96
1999-03-19,44.99
1999-03-22,44.98
1999-03-23,44.95
1999-03-24,44.94
1999-03-25,41.96
1999-03-26,42.02
1999-03-29,41.99
1999-03-30,41.97
1999-03-31,41.93
1999-04-05,41.91
1999-04-06,39.47
1999-04-07,39.44
1999-04-08,39.44
1999-04-09,39.42
1999-04-12,39.41
1999-04-13,39.4
1999-04-14,39.39
1999-04-15,33.9
1999-04-16,33.96
1999-04-19,33.94
1999-04-20,33.94
1999-04-22,33.93
1999-04-23,33.92
1999-04-26,33.89
1999-04-27,33.89
1999-04-28,33.89
1999-04-29,31.97
1999-04-30,31.93
1999-05-03,31.9
1999-05-04,31.92
1999-05-05,31.9
1999-05-06,31.88
1999-05-07,31.87
1999-05-10,29.67
1999-05-11,29.46
1999-05-12,29.45
1999-05-13,27.04
1999-05-14,27.03
1999-05-17,26.94
1999-05-18,26.91
1999-05-19,26.89
1999-05-20,23.53
1999-05-21,23.46
1999-05-24,23.43
1999-05-25,23.42
1999-05-26,23.39
1999-05-27,23.38
1999-05-28,23.35
1999-05-31,23.34
1999-06-01,23.28
1999-06-02,23.29
1999-06-04,23.28
1999-06-07,23.28
1999-06-08,23.27
1999-06-09,21.99
1999-06-10,21.98
1999-06-11,21.97
1999-06-14,21.95
1999-06-15,21.92
1999-06-16,21.92
1999-06-17,21.9
1999-06-18,21.89
1999-06-21,21.88
1999-06-22,21.87
1999-06-23,21.84
1999-06-24,20.98
1999-06-25,20.97
1999-06-28,20.97
1999-06-29,20.96
1999-06-30,20.96
1999-07-01,20.94
1999-07-02,20.93
1999-07-05,21.05
1999-07-06,20.93
1999-07-07,20.9
1999-07-08,20.9
1999-07-09,20.88
1999-07-12,20.89
1999-07-13,20.87
1999-07-14,20.86
1999-07-15,20.86
1999-07-16,20.84
1999-07-19,20.83
1999-07-20,20.82
1999-07-21,20.81
1999-07-22,20.79
1999-07-23,20.79
1999-07-26,20.78
1999-07-27,20.77
1999-07-28,20.76
1999-07-29,19.52
1999-07-30,19.51
1999-08-02,19.51
1999-08-03,19.51
1999-08-04,19.51
1999-08-05,19.51
1999-08-06,19.51
1999-08-09,19.51
1999-08-10,19.51
1999-08-11,19.51
1999-08-12,19.51
1999-08-13,19.51
1999-08-16,19.52
1999-08-17,19.52
1999-08-18,19.52
1999-08-19,19.52
1999-08-20,19.52
1999-08-23,19.52
1999-08-24,19.52
1999-08-25,19.52
1999-08-26,19.52
1999-08-27,19.51
1999-08-30,19.51
1999-08-31,19.52
1999-09-01,19.51
1999-09-02,19.52
1999-09-03,19.53
1999-09-06,19.53
1999-09-08,19.52
1999-09-09,19.52
1999-09-10,19.52
1999-09-13,19.52
1999-09-14,19.52
1999-09-15,19.52
1999-09-16,19.53
1999-09-17,19.52
1999-09-20,19.52
1999-09-21,19.51
1999-09-22,19.5
1999-09-23,19.11
1999-09-24,19.02
1999-09-27,19.04
1999-09-28,19.02
1999-09-29,19.01
1999-09-30,19
1999-10-01,19
1999-10-04,18.99
1999-10-05,18.97
1999-10-06,18.96
1999-10-07,18.96
1999-10-08,18.95
1999-10-11,18.94
1999-10-13,18.93
1999-10-14,18.91
1999-10-15,18.91
1999-10-18,18.9
1999-10-19,18.89
1999-10-20,18.88
1999-10-21,18.88
1999-10-22,18.87
1999-10-25,18.86
1999-10-26,18.85
1999-10-27,18.84
1999-10-28,18.83
1999-10-29,18.83
1999-11-01,18.82
1999-11-03,18.81
1999-11-04,18.81
1999-11-05,18.81
1999-11-08,18.81
1999-11-09,18.81
1999-11-10,18.81
1999-11-11,18.99
1999-11-12,19.01
1999-11-16,19.01
1999-11-17,19.01
1999-11-18,19.01
1999-11-19,19.02
1999-11-22,19.02
1999-11-23,19.02
1999-11-24,19.02
1999-11-25,19.03
1999-11-26,19.03
1999-11-29,19.04
1999-11-30,19.03
1999-12-01,19.02
1999-12-02,18.98
1999-12-03,18.97
1999-12-06,18.97
1999-12-07,18.96
1999-12-08,18.95
1999-12-09,18.95
1999-12-10,18.95
1999-12-13,18.95
1999-12-14,18.95
1999-12-15,18.95
1999-12-16,18.98
1999-12-17,18.99
1999-12-20,18.99
1999-12-21,19.03
1999-12-22,18.97
1999-12-23,19.02
1999-12-24,19.02
1999-12-27,19.05
1999-12-28,19.04
1999-12-29,19.02
1999-12-30,19.04
1999-12-31,19.04
2000-01-03,19.04
2000-01-04,19.04
2000-01-05,19.05
2000-01-06,19.07
2000-01-07,19.07
2000-01-10,19.02
2000-01-11,18.98
2000-01-12,18.93
2000-01-13,18.92
2000-01-14,18.9
2000-01-17,18.91
2000-01-18,18.89
2000-01-19,18.87
2000-01-20,18.87
2000-01-21,18.87
2000-01-24,18.87
2000-01-25,18.87
2000-01-26,18.87
2000-01-27,18.87
2000-01-28,18.88
2000-01-31,18.9
2000-02-01,18.87
2000-02-02,18.86
2000-02-03,18.87
2000-02-04,18.88
2000-02-07,18.87
2000-02-08,18.87
2000-02-09,18.87
2000-02-10,18.87
2000-02-11,18.86
2000-02-14,18.87
2000-02-15,18.87
2000-02-16,18.87
2000-02-17,18.87
2000-02-18,18.87
2000-02-21,18.87
2000-02-22,18.87
2000-02-23,18.87
2000-02-24,18.87
2000-02-25,18.87
2000-02-28,18.87
2000-02-29,18.87
2000-03-01,18.88
2000-03-02,18.89
2000-03-03,18.88
2000-03-08,18.87
2000-03-09,18.87
2000-03-10,18.89
2000-03-13,18.88
2000-03-14,18.88
2000-03-15,18.88
2000-03-16,18.88
2000-03-17,18.88
2000-03-20,18.88
2000-03-21,18.87
2000-03-22,18.88
2000-03-23,18.91
2000-03-24,18.94
2000-03-27,19.03
2000-03-28,18.87
2000-03-29,18.6
2000-03-30,18.6
2000-03-31,18.52
2000-04-03,18.49
2000-04-04,18.53
2000-04-05,18.65
2000-04-06,18.66
2000-04-07,18.64
2000-04-10,18.59
2000-04-11,18.65
2000-04-12,18.64
2000-04-13,18.65
2000-04-14,18.64
2000-04-17,18.65
2000-04-18,18.63
2000-04-19,18.54
2000-04-20,18.65
2000-04-24,18.62
2000-04-25,18.61
2000-04-26,18.64
2000-04-27,18.65
2000-04-28,18.62
2000-05-02,18.6
2000-05-03,18.64
2000-05-04,18.64
2000-05-05,18.64
2000-05-08,18.59
2000-05-09,18.47
2000-05-10,18.47
2000-05-11,18.49
2000-05-12,18.46
2000-05-15,18.47
2000-05-16,18.5
2000-05-17,18.49
2000-05-18,18.48
2000-05-19,18.48
2000-05-22,18.49
2000-05-23,18.49
2000-05-24,18.49
2000-05-25,18.5
2000-05-26,18.5
2000-05-29,18.49
2000-05-30,18.46
2000-05-31,18.44
2000-06-01,18.44
2000-06-02,18.43
2000-06-05,18.41
2000-06-06,18.39
2000-06-07,18.37
2000-06-08,18.35
2000-06-09,18.33
2000-06-12,18.32
2000-06-13,18.32
2000-06-14,18.32
2000-06-15,18.32
2000-06-16,18.33
2000-06-19,18.33
2000-06-20,18.32
2000-06-21,17.51
2000-06-23,17.5
2000-06-26,17.46
2000-06-27,17.4
2000-06-28,17.39
2000-06-29,17.34
2000-06-30,17.29
2000-07-03,17.26
2000-07-04,17.22
2000-07-05,17.23
2000-07-06,17.28
2000-07-07,17.28
2000-07-10,17.01
2000-07-11,16.96
2000-07-12,16.98
2000-07-13,16.94
2000-07-14,16.95
2000-07-17,16.95
2000-07-18,16.94
2000-07-19,16.91
2000-07-20,16.58
2000-07-21,16.52
2000-07-24,16.53
2000-07-25,16.49
2000-07-26,16.49
2000-07-27,16.47
2000-07-28,16.44
2000-07-31,16.39
2000-08-01,16.4
2000-08-02,16.44
2000-08-03,16.43
2000-08-04,16.44
2000-08-07,16.48
2000-08-08,16.49
2000-08-09,16.54
2000-08-10,16.56
2000-08-11,16.6
2000-08-14,16.6
2000-08-15,16.47
2000-08-16,16.44
2000-08-17,16.53
2000-08-18,16.6
2000-08-21,16.57
2000-08-22,16.59
2000-08-23,16.56
2000-08-24,16.6
2000-08-25,16.6
2000-08-28,16.6
2000-08-29,16.6
2000-08-30,16.47
2000-08-31,16.41
2000-09-01,16.4
2000-09-04,16.4
2000-09-05,16.39
2000-09-06,16.53
2000-09-08,16.55
2000-09-11,16.58
2000-09-12,16.59
2000-09-13,16.6
2000-09-14,16.6
2000-09-15,16.6
2000-09-18,16.6
2000-09-19,16.59
2000-09-20,16.6
2000-09-21,16.6
2000-09-22,16.6
2000-09-25,16.6
2000-09-26,16.6
2000-09-27,16.59
2000-09-28,16.59
2000-09-29,16.6
2000-10-02,16.59
2000-10-03,16.57
2000-10-04,16.6
2000-10-05,16.59
2000-10-06,16.6
2000-10-09,16.59
2000-10-10,16.59
2000-10-11,16.6
2000-10-13,16.6
2000-10-16,16.6
2000-10-17,16.6
2000-10-18,16.6
2000-10-19,16.6
2000-10-20,16.6
2000-10-23,16.6
2000-10-24,16.6
2000-10-25,16.6
2000-10-26,16.6
2000-10-27,16.6
2000-10-30,16.6
2000-10-31,16.59
2000-11-01,16.53
2000-11-03,16.45
2000-11-06,16.4
2000-11-07,16.44
2000-11-08,16.5
2000-11-09,16.54
2000-11-10,16.6
2000-11-13,16.6
2000-11-14,16.6
2000-11-16,16.6
2000-11-17,16.6
2000-11-20,16.6
2000-11-21,16.59
2000-11-22,16.45
2000-11-23,16.46
2000-11-24,16.43
2000-11-27,16.45
2000-11-28,16.47
2000-11-29,16.42
2000-11-30,16.4
2000-12-01,16.4
2000-12-04,16.38
2000-12-05,16.37
2000-12-06,16.37
2000-12-07,16.36
2000-12-08,16.36
2000-12-11,16.35
2000-12-12,16.34
2000-12-13,16.35
2000-12-14,16.34
2000-12-15,16.33
2000-12-18,16.32
2000-12-19,16.31
2000-12-20,16.31
2000-12-21,15.82
2000-12-22,15.82
2000-12-26,15.83
2000-12-27,15.8
2000-12-28,15.84
2000-12-29,15.84
2001-01-02,15.85
2001-01-03,15.79
2001-01-04,15.83
2001-01-05,15.8
2001-01-08,15.8
2001-01-09,15.8
2001-01-10,15.66
2001-01-11,15.65
2001-01-12,15.65
2001-01-15,15.65
2001-01-16,15.65
2001-01-17,15.59
2001-01-18,15.31
2001-01-19,15.3
2001-01-22,15.29
2001-01-23,15.24
2001-01-24,15.17
2001-01-25,15.16
2001-01-26,15.15
2001-01-29,15.15
2001-01-30,15.14
2001-01-31,15.12
2001-02-01,15.12
2001-02-02,15.1
2001-02-05,15.1
2001-02-06,15.15
2001-02-07,15.21
2001-02-08,15.26
2001-02-09,15.28
2001-02-12,15.24
2001-02-13,15.15
2001-02-14,15.07
2001-02-15,15.26
2001-02-16,15.23
2001-02-19,15.17
2001-02-20,15.31
2001-02-21,15.26
2001-02-22,15.26
2001-02-23,15.29
2001-02-28,15.14
2001-03-01,15.12
2001-03-02,15.11
2001-03-05,15.17
2001-03-06,15.12
2001-03-07,15.19
2001-03-08,15.21
2001-03-09,15.11
2001-03-12,15.09
2001-03-13,15.13
2001-03-14,15.13
2001-03-15,15.11
2001-03-16,15.24
2001-03-19,15.32
2001-03-20,15.35
2001-03-21,15.35
2001-03-22,15.85
2001-03-23,15.85
2001-03-26,15.85
2001-03-27,15.85
2001-03-28,15.85
2001-03-29,15.84
2001-03-30,15.84
2001-04-02,15.83
2001-04-03,15.81
2001-04-04,15.81
2001-04-05,15.82
2001-04-06,15.83
2001-04-09,15.81
2001-04-10,15.84
2001-04-11,15.82
2001-04-12,15.85
2001-04-16,15.85
2001-04-17,15.85
2001-04-18,15.87
2001-04-19,16.35
2001-04-20,16.3
2001-04-23,16.3
2001-04-24,16.31
2001-04-25,16.3
2001-04-26,16.31
2001-04-27,16.29
2001-04-30,16.28
2001-05-02,16.25
2001-05-03,16.26
2001-05-04,16.29
2001-05-07,16.28
2001-05-08,16.3
2001-05-09,16.28
2001-05-10,16.3
2001-05-11,16.28
2001-05-14,16.3
2001-05-15,16.3
2001-05-16,16.3
2001-05-17,16.29
2001-05-18,16.3
2001-05-21,16.3
2001-05-22,16.3
2001-05-23,16.33
2001-05-24,16.77
2001-05-25,16.8
2001-05-28,16.8
2001-05-29,16.8
2001-05-30,16.8
2001-05-31,16.8
2001-06-01,16.81
2001-06-04,16.8
2001-06-05,16.78
2001-06-06,16.75
2001-06-07,16.73
2001-06-08,16.69
2001-06-11,16.65
2001-06-12,16.63
2001-06-13,16.67
2001-06-15,16.65
2001-06-18,16.79
2001-06-19,16.8
2001-06-20,16.87
2001-06-21,18.29
2001-06-22,18.27
2001-06-25,18.3
2001-06-26,18.3
2001-06-27,18.31
2001-06-28,18.31
2001-06-29,18.32
2001-07-02,18.32
2001-07-03,18.31
2001-07-04,18.32
2001-07-05,18.31
2001-07-06,18.32
2001-07-09,18.3
2001-07-10,18.32
2001-07-11,18.33
2001-07-12,18.32
2001-07-13,18.32
2001-07-16,18.33
2001-07-17,18.3
2001-07-18,18.37
2001-07-19,19
2001-07-20,19
2001-07-23,18.95
2001-07-24,18.9
2001-07-25,18.93
2001-07-26,18.89
2001-07-27,18.88
2001-07-30,18.9
2001-07-31,18.88
2001-08-01,18.88
2001-08-02,18.88
2001-08-03,18.89
2001-08-06,18.92
2001-08-07,19.02
2001-08-08,19
2001-08-09,19
2001-08-10,19
2001-08-13,18.99
2001-08-14,18.99
2001-08-15,18.97
2001-08-16,19.03
2001-08-17,19.04
2001-08-20,19.05
2001-08-21,19.06
2001-08-22,19.03
2001-08-23,19.03
2001-08-24,19.03
2001-08-27,19.03
2001-08-28,19.01
2001-08-29,18.99
2001-08-30,19.01
2001-08-31,19.05
2001-09-03,19.05
2001-09-04,19.05
2001-09-05,19.06
2001-09-06,19.06
2001-09-10,19.07
2001-09-11,19.05
2001-09-12,19.05
2001-09-13,19.06
2001-09-14,19.06
2001-09-17,19.06
2001-09-18,19.06
2001-09-19,19.06
2001-09-20,19.06
2001-09-21,19.06
2001-09-24,19.07
2001-09-25,19.07
2001-09-26,19.08
2001-09-27,19.09
2001-09-28,19.1
2001-10-01,19.1
2001-10-02,19.11
2001-10-03,19.11
2001-10-04,19.1
2001-10-05,19.09
2001-10-08,19.07
2001-10-09,19.06
2001-10-10,19.05
2001-10-11,19.05
2001-10-15,19.05
2001-10-16,19.05
2001-10-17,19.05
2001-10-18,19.05
2001-10-19,19.05
2001-10-22,19.05
2001-10-23,19.05
2001-10-24,19.05
2001-10-25,19.05
2001-10-26,19.05
2001-10-29,19.05
2001-10-30,19.05
2001-10-31,19.05
2001-11-01,19.05
2001-11-05,19.05
2001-11-06,19.04
2001-11-07,19.05
2001-11-08,19.04
2001-11-09,19.04
2001-11-12,19.05
2001-11-13,19.05
2001-11-14,19.05
2001-11-16,19.05
2001-11-19,19.05
2001-11-20,19.05
2001-11-21,19.05
2001-11-22,19.05
2001-11-23,19.05
2001-11-26,19.05
2001-11-27,19.05
2001-11-28,19.05
2001-11-29,19.05
2001-11-30,19.05
2001-12-03,19.05
2001-12-04,19.05
2001-12-05,19.05
2001-12-06,19.05
2001-12-07,19.05
2001-12-10,19.05
2001-12-11,19.05
2001-12-12,19.05
2001-12-13,19.05
2001-12-14,19.05
2001-12-17,19.05
2001-12-18,19.05
2001-12-19,19.05
2001-12-20,19.05
2001-12-21,19.05
2001-12-24,19.05
2001-12-26,19.05
2001-12-27,19.05
2001-12-28,19.05
2001-12-31,19.05
2002-01-02,19.05
2002-01-03,19.05
2002-01-04,19.05
2002-01-07,19.05
2002-01-08,19.05
2002-01-09,19.05
2002-01-10,19.05
2002-01-11,19.05
2002-01-14,19.05
2002-01-15,19.05
2002-01-16,19.05
2002-01-17,19.05
2002-01-18,19.05
2002-01-21,19.05
2002-01-22,19.05
2002-01-23,19.05
2002-01-24,19.05
2002-01-25,19.05
2002-01-28,19.05
2002-01-29,19.05
2002-01-30,19.05
2002-01-31,19.05
2002-02-01,19.05
2002-02-04,19.05
2002-02-05,19.05
2002-02-06,19.05
2002-02-07,19.05
2002-02-08,19.05
2002-02-13,19.05
2002-02-14,19.05
2002-02-15,19.05
2002-02-18,19.05
2002-02-19,19.05
2002-02-20,19.05
2002-02-21,18.8
2002-02-22,18.8
2002-02-25,18.8
2002-02-26,18.8
2002-02-27,18.8
2002-02-28,18.79
2002-03-01,18.8
2002-03-04,18.8
2002-03-05,18.8
2002-03-06,18.8
2002-03-07,18.8
2002-03-08,18.8
2002-03-11,18.8
2002-03-12,18.8
2002-03-13,18.8
2002-03-14,18.8
2002-03-15,18.8
2002-03-18,18.8
2002-03-19,18.8
2002-03-20,18.79
2002-03-21,18.55
2002-03-22,18.54
2002-03-25,18.55
2002-03-26,18.55
2002-03-27,18.54
2002-03-28,18.52
2002-04-01,18.47
2002-04-02,18.4
2002-04-03,18.4
2002-04-04,18.4
2002-04-05,18.4
2002-04-08,18.4
2002-04-09,18.4
2002-04-10,18.4
2002-04-11,18.4
2002-04-12,18.4
2002-04-15,18.4
2002-04-16,18.4
2002-04-17,18.4
2002-04-18,18.4
2002-04-19,18.39
2002-04-22,18.38
2002-04-23,18.35
2002-04-24,18.34
2002-04-25,18.37
2002-04-26,18.36
2002-04-29,18.28
2002-04-30,18.11
2002-05-02,18.37
2002-05-03,18.34
2002-05-06,18.33
2002-05-07,18.28
2002-05-08,18.27
2002-05-09,18.34
2002-05-10,18.37
2002-05-13,18.4
2002-05-14,18.41
2002-05-15,18.42
2002-05-16,18.42
2002-05-17,18.41
2002-05-20,18.41
2002-05-21,18.4
2002-05-22,18.37
2002-05-23,18.41
2002-05-24,18.42
2002-05-27,18.41
2002-05-28,18.41
2002-05-29,18.33
2002-05-31,18.16
2002-06-03,17.31
2002-06-04,15.9
2002-06-05,16.87
2002-06-06,18
2002-06-07,18.23
2002-06-10,18.31
2002-06-11,18.34
2002-06-12,18.29
2002-06-13,18.32
2002-06-14,18.38
2002-06-17,18.4
2002-06-18,18.4
2002-06-19,18.4
2002-06-20,18.41
2002-06-21,18.41
2002-06-24,18.41
2002-06-25,18.41
2002-06-26,18.41
2002-06-27,18.41
2002-06-28,18.41
2002-07-01,18.41
2002-07-02,18.4
2002-07-03,18.4
2002-07-04,18.39
2002-07-05,18.39
2002-07-08,18.41
2002-07-09,18.41
2002-07-10,18.4
2002-07-11,18.4
2002-07-12,18.39
2002-07-15,18.39
2002-07-16,18.39
2002-07-17,18.39
2002-07-18,17.89
2002-07-19,17.89
2002-07-22,17.89
2002-07-23,17.89
2002-07-24,17.87
2002-07-25,17.87
2002-07-26,17.87
2002-07-29,17.86
2002-07-30,17.84
2002-07-31,17.87
2002-08-01,17.83
2002-08-02,17.84
2002-08-05,17.87
2002-08-06,17.87
2002-08-07,17.86
2002-08-08,17.83
2002-08-09,17.83
2002-08-12,17.83
2002-08-13,17.82
2002-08-14,17.87
2002-08-15,17.87
2002-08-16,17.82
2002-08-19,17.82
2002-08-20,17.87
2002-08-21,17.87
2002-08-22,17.82
2002-08-23,17.81
2002-08-26,17.81
2002-08-27,17.81
2002-08-28,17.87
2002-08-29,17.83
2002-08-30,17.82
2002-09-02,17.87
2002-09-03,17.87
2002-09-04,17.87
2002-09-05,17.88
2002-09-06,17.89
2002-09-09,17.9
2002-09-10,17.9
2002-09-11,17.9
2002-09-12,17.9
2002-09-13,17.9
2002-09-16,17.9
2002-09-17,17.9
2002-09-18,17.9
2002-09-19,17.9
2002-09-20,17.9
2002-09-23,17.9
2002-09-24,17.9
2002-09-25,17.9
2002-09-26,17.9
2002-09-27,17.9
2002-09-30,17.9
2002-10-01,17.9
2002-10-02,17.9
2002-10-03,17.9
2002-10-04,17.9
2002-10-07,17.9
2002-10-08,17.9
2002-10-09,17.9
2002-10-10,17.9
2002-10-11,17.9
2002-10-14,17.9
2002-10-15,20.9
2002-10-16,20.9
2002-10-17,20.9
2002-10-18,20.9
2002-10-21,20.9
2002-10-22,20.9
2002-10-23,20.9
2002-10-24,20.9
2002-10-25,20.9
2002-10-28,20.9
2002-10-29,20.9
2002-10-30,20.9
2002-10-31,20.9
2002-11-01,20.9
2002-11-04,20.9
2002-11-05,20.9
2002-11-06,20.9
2002-11-07,20.9
2002-11-08,20.9
2002-11-11,20.9
2002-11-12,20.9
2002-11-13,20.9
2002-11-14,20.9
2002-11-18,20.9
2002-11-19,20.9
2002-11-20,20.9
2002-11-21,21.9
2002-11-22,21.9
2002-11-25,21.9
2002-11-26,21.9
2002-11-27,21.9
2002-11-28,21.9
2002-11-29,21.9
2002-12-02,21.9
2002-12-03,21.9
2002-12-04,21.9
2002-12-05,21.9
2002-12-06,21.9
2002-12-09,21.9
2002-12-10,21.9
2002-12-11,21.9
2002-12-12,21.9
2002-12-13,21.9
2002-12-16,21.9
2002-12-17,21.9
2002-12-18,21.9
2002-12-19,24.9
2002-12-20,24.9
2002-12-23,24.9
2002-12-24,24.9
2002-12-26,24.9
2002-12-27,24.9
2002-12-30,24.9
2002-12-31,24.9
2003-01-02,24.9
2003-01-03,24.9
2003-01-06,24.9
2003-01-07,24.9
2003-01-08,24.9
2003-01-09,24.9
2003-01-10,24.9
2003-01-13,24.9
2003-01-14,24.9
2003-01-15,24.9
2003-01-16,24.9
2003-01-17,24.9
2003-01-20,24.9
2003-01-21,24.9
2003-01-22,24.9
2003-01-23,25.4
2003-01-24,25.4
2003-01-27,25.4
2003-01-28,25.4
2003-01-29,25.4
2003-01-30,25.39
2003-01-31,25.38
2003-02-03,25.38
2003-02-04,25.4
2003-02-05,25.39
2003-02-06,25.38
2003-02-07,25.37
2003-02-10,25.36
2003-02-11,25.35
2003-02-12,25.34
2003-02-13,25.32
2003-02-14,25.33
2003-02-17,25.32
2003-02-18,25.29
2003-02-19,25.3
2003-02-20,26.26
2003-02-21,26.29
2003-02-24,26.32
2003-02-25,26.31
2003-02-26,26.29
2003-02-27,26.27
2003-02-28,26.28
2003-03-05,26.29
2003-03-06,26.28
2003-03-07,26.29
2003-03-10,26.29
2003-03-11,26.3
2003-03-12,26.3
2003-03-13,26.31
2003-03-14,26.31
2003-03-17,26.32
2003-03-18,26.32
2003-03-19,26.34
2003-03-20,26.34
2003-03-21,26.35
2003-03-24,26.33
2003-03-25,26.33
2003-03-26,26.34
2003-03-27,26.33
2003-03-28,26.32
2003-03-31,26.32
2003-04-01,26.32
2003-04-02,26.31
2003-04-03,26.31
2003-04-04,26.32
2003-04-07,26.32
2003-04-08,26.32
2003-04-09,26.32
2003-04-10,26.32
2003-04-11,26.32
2003-04-14,26.32
2003-04-15,26.32
2003-04-16,26.32
2003-04-17,26.32
2003-04-22,26.32
2003-04-23,26.32
2003-04-24,26.32
2003-04-25,26.32
2003-04-28,26.32
2003-04-29,26.32
2003-04-30,26.32
2003-05-02,26.32
2003-05-05,26.32
2003-05-06,26.32
2003-05-07,26.32
2003-05-08,26.32
2003-05-09,26.32
2003-05-12,26.32
2003-05-13,26.32
2003-05-14,26.32
2003-05-15,26.32
2003-05-16,26.32
2003-05-19,26.32
2003-05-20,26.32
2003-05-21,26.31
2003-05-22,26.31
2003-05-23,26.3
2003-05-26,26.29
2003-05-27,26.28
2003-05-28,26.28
2003-05-29,26.27
2003-05-30,26.27
2003-06-02,26.26
2003-06-03,26.26
2003-06-04,26.26
2003-06-05,26.26
2003-06-06,26.27
2003-06-09,26.27
2003-06-10,26.27
2003-06-11,26.27
2003-06-12,26.26
2003-06-13,26.26
2003-06-16,26.26
2003-06-17,26.26
2003-06-18,26.25
2003-06-20,25.76
2003-06-23,25.76
2003-06-24,25.76
2003-06-25,25.76
2003-06-26,25.76
2003-06-27,25.76
2003-06-30,25.76
2003-07-01,25.76
2003-07-02,25.76
2003-07-03,25.76
2003-07-04,25.76
2003-07-07,25.76
2003-07-08,25.75
2003-07-09,25.75
2003-07-10,25.75
2003-07-11,25.75
2003-07-14,25.74
2003-07-15,25.74
2003-07-16,25.74
2003-07-17,25.73
2003-07-18,25.73
2003-07-21,25.71
2003-07-22,25.7
2003-07-23,25.63
2003-07-24,24.29
2003-07-25,24.29
2003-07-28,24.3
2003-07-29,24.3
2003-07-30,24.3
2003-07-31,24.3
2003-08-01,24.33
2003-08-04,24.34
2003-08-05,24.35
2003-08-06,24.35
2003-08-07,24.36
2003-08-08,24.36
2003-08-11,24.36
2003-08-12,24.35
2003-08-13,24.35
2003-08-14,24.34
2003-08-15,24.33
2003-08-18,24.33
2003-08-19,24.34
2003-08-20,24.21
2003-08-21,21.83
2003-08-22,21.84
2003-08-25,21.84
2003-08-26,21.84
2003-08-27,21.84
2003-08-28,21.83
2003-08-29,21.83
2003-09-01,21.83
2003-09-02,21.83
2003-09-03,21.84
2003-09-04,21.84
2003-09-05,21.84
2003-09-08,21.84
2003-09-09,21.84
2003-09-10,21.84
2003-09-11,21.84
2003-09-12,21.84
2003-09-15,21.84
2003-09-16,21.84
2003-09-17,21.83
2003-09-18,19.85
2003-09-19,19.85
2003-09-22,19.85
2003-09-23,19.85
2003-09-24,19.85
2003-09-25,19.85
2003-09-26,19.85
2003-09-29,19.84
2003-09-30,19.84
2003-10-01,19.83
2003-10-02,19.83
2003-10-03,19.84
2003-10-06,19.84
2003-10-07,19.84
2003-10-08,19.84
2003-10-09,19.84
2003-10-10,19.84
2003-10-13,19.84
2003-10-14,19.84
2003-10-15,19.84
2003-10-16,19.84
2003-10-17,19.84
2003-10-20,19.84
2003-10-21,19.84
2003-10-22,19.83
2003-10-23,18.85
2003-10-24,18.85
2003-10-27,18.85
2003-10-28,18.85
2003-10-29,18.85
2003-10-30,18.85
2003-10-31,18.85
2003-11-03,18.85
2003-11-04,18.85
2003-11-05,18.85
2003-11-06,18.85
2003-11-07,18.85
2003-11-10,18.85
2003-11-11,18.85
2003-11-12,18.85
2003-11-13,18.84
2003-11-14,18.84
2003-11-17,18.84
2003-11-18,18.82
2003-11-19,18.81
2003-11-20,17.34
2003-11-21,17.34
2003-11-24,17.34
2003-11-25,17.34
2003-11-26,17.33
2003-11-27,17.33
2003-11-28,17.32
2003-12-01,17.31
2003-12-02,17.34
2003-12-03,17.33
2003-12-04,17.33
2003-12-05,17.33
2003-12-08,17.32
2003-12-09,17.32
2003-12-10,17.31
2003-12-11,17.3
2003-12-12,17.29
2003-12-15,17.29
2003-12-16,17.29
2003-12-17,17.27
2003-12-18,16.3
2003-12-19,16.34
2003-12-22,16.34
2003-12-23,16.34
2003-12-24,16.34
2003-12-26,16.34
2003-12-29,16.34
2003-12-30,16.33
2003-12-31,16.33
2004-01-02,16.34
2004-01-05,16.34
2004-01-06,16.34
2004-01-07,16.33
2004-01-08,16.33
2004-01-09,16.32
2004-01-12,16.32
2004-01-13,16.32
2004-01-14,16.31
2004-01-15,16.31
2004-01-16,16.3
2004-01-19,16.3
2004-01-20,16.3
2004-01-21,16.28
2004-01-22,16.33
2004-01-23,16.33
2004-01-26,16.33
2004-01-27,16.32
2004-01-28,16.32
2004-01-29,16.3
2004-01-30,16.29
2004-02-02,16.29
2004-02-03,16.29
2004-02-04,16.28
2004-02-05,16.28
2004-02-06,16.27
2004-02-09,16.27
2004-02-10,16.26
2004-02-11,16.27
2004-02-12,16.29
2004-02-13,16.32
2004-02-16,16.33
2004-02-17,16.33
2004-02-18,16.33
2004-02-19,16.33
2004-02-20,16.32
2004-02-25,16.32
2004-02-26,16.31
2004-02-27,16.3
2004-03-01,16.29
2004-03-02,16.29
2004-03-03,16.28
2004-03-04,16.27
2004-03-05,16.3
2004-03-08,16.29
2004-03-09,16.29
2004-03-10,16.28
2004-03-11,16.27
2004-03-12,16.26
2004-03-15,16.25
2004-03-16,16.24
2004-03-17,16.23
2004-03-18,16.02
2004-03-19,16.05
2004-03-22,16.09
2004-03-23,16.12
2004-03-24,16.11
2004-03-25,16.1
2004-03-26,16.11
2004-03-29,16.09
2004-03-30,16.07
2004-03-31,16.11
2004-04-01,16.1
2004-04-02,16.11
2004-04-05,16.11
2004-04-06,16.1
2004-04-07,16.1
2004-04-08,16.09
2004-04-12,16.09
2004-04-13,16.08
2004-04-14,16.06
2004-04-15,15.86
2004-04-16,15.86
2004-04-19,15.88
2004-04-20,15.88
2004-04-22,15.86
2004-04-23,15.85
2004-04-26,15.84
2004-04-27,15.83
2004-04-28,15.82
2004-04-29,15.8
2004-04-30,15.8
2004-05-03,15.79
2004-05-04,15.79
2004-05-05,15.78
2004-05-06,15.77
2004-05-07,15.76
2004-05-10,15.75
2004-05-11,15.74
2004-05-12,15.73
2004-05-13,15.74
2004-05-14,15.77
2004-05-17,15.76
2004-05-18,15.75
2004-05-19,15.73
2004-05-20,15.77
2004-05-21,15.81
2004-05-24,15.8
2004-05-25,15.79
2004-05-26,15.8
2004-05-27,15.79
2004-05-28,15.78
2004-05-31,15.78
2004-06-01,15.78
2004-06-02,15.75
2004-06-03,15.76
2004-06-04,15.79
2004-06-07,15.82
2004-06-08,15.84
2004-06-09,15.82
2004-06-11,15.79
2004-06-14,15.8
2004-06-15,15.82
2004-06-16,15.8
2004-06-17,15.79
2004-06-18,15.79
2004-06-21,15.81
2004-06-22,15.82
2004-06-23,15.79
2004-06-24,15.79
2004-06-25,15.8
2004-06-28,15.81
2004-06-29,15.81
2004-06-30,15.8
2004-07-01,15.8
2004-07-02,15.81
2004-07-05,15.8
2004-07-06,15.8
2004-07-07,15.79
2004-07-08,15.77
2004-07-09,15.77
2004-07-12,15.78
2004-07-13,15.78
2004-07-14,15.76
2004-07-15,15.77
2004-07-16,15.76
2004-07-19,15.76
2004-07-20,15.76
2004-07-21,15.75
2004-07-22,15.75
2004-07-23,15.75
2004-07-26,15.75
2004-07-27,15.75
2004-07-28,15.76
2004-07-29,15.78
2004-07-30,15.82
2004-08-02,15.82
2004-08-03,15.82
2004-08-04,15.83
2004-08-05,15.84
2004-08-06,15.86
2004-08-09,15.86
2004-08-10,15.87
2004-08-11,15.88
2004-08-12,15.88
2004-08-13,15.88
2004-08-16,15.88
2004-08-17,15.88
2004-08-18,15.87
2004-08-19,15.86
2004-08-20,15.85
2004-08-23,15.84
2004-08-24,15.83
2004-08-25,15.84
2004-08-26,15.86
2004-08-27,15.88
2004-08-30,15.91
2004-08-31,15.91
2004-09-01,15.92
2004-09-02,15.92
2004-09-03,15.92
2004-09-06,15.92
2004-09-08,15.93
2004-09-09,15.93
2004-09-10,15.94
2004-09-13,15.95
2004-09-14,15.97
2004-09-15,15.97
2004-09-16,16.22
2004-09-17,16.23
2004-09-20,16.24
2004-09-21,16.24
2004-09-22,16.24
2004-09-23,16.24
2004-09-24,16.24
2004-09-27,16.24
2004-09-28,16.24
2004-09-29,16.23
2004-09-30,16.24
2004-10-01,16.23
2004-10-04,16.22
2004-10-05,16.2
2004-10-06,16.22
2004-10-07,16.23
2004-10-08,16.24
2004-10-11,16.24
2004-10-13,16.24
2004-10-14,16.24
2004-10-15,16.24
2004-10-18,16.24
2004-10-19,16.24
2004-10-20,16.24
2004-10-21,16.74
2004-10-22,16.74
2004-10-25,16.74
2004-10-26,16.74
2004-10-27,16.74
2004-10-28,16.74
2004-10-29,16.74
2004-11-01,16.74
2004-11-03,16.73
2004-11-04,16.73
2004-11-05,16.73
2004-11-08,16.74
2004-11-09,16.74
2004-11-10,16.74
2004-11-11,16.74
2004-11-12,16.74
2004-11-16,16.74
2004-11-17,16.74
2004-11-18,17.24
2004-11-19,17.24
2004-11-22,17.23
2004-11-23,17.23
2004-11-24,17.24
2004-11-25,17.23
2004-11-26,17.22
2004-11-29,17.22
2004-11-30,17.21
2004-12-01,17.23
2004-12-02,17.23
2004-12-03,17.23
2004-12-06,17.24
2004-12-07,17.24
2004-12-08,17.24
2004-12-09,17.24
2004-12-10,17.24
2004-12-13,17.24
2004-12-14,17.24
2004-12-15,17.25
2004-12-16,17.74
2004-12-17,17.74
2004-12-20,17.74
2004-12-21,17.74
2004-12-22,17.74
2004-12-23,17.74
2004-12-24,17.74
2004-12-27,17.74
2004-12-28,17.74
2004-12-29,17.74
2004-12-30,17.75
2004-12-31,17.75
2005-01-03,17.74
2005-01-04,17.74
2005-01-05,17.74
2005-01-06,17.74
2005-01-07,17.74
2005-01-10,17.74
2005-01-11,17.74
2005-01-12,17.74
2005-01-13,17.74
2005-01-14,17.74
2005-01-17,17.74
2005-01-18,17.74
2005-01-19,17.75
2005-01-20,18.24
2005-01-21,18.24
2005-01-24,18.24
2005-01-25,18.24
2005-01-26,18.24
2005-01-27,18.24
2005-01-28,18.24
2005-01-31,18.24
2005-02-01,18.24
2005-02-02,18.25
2005-02-03,18.25
2005-02-04,18.25
2005-02-09,18.25
2005-02-10,18.25
2005-02-11,18.26
2005-02-14,18.26
2005-02-15,18.26
2005-02-16,18.26
2005-02-17,18.75
2005-02-18,18.75
2005-02-21,18.75
2005-02-22,18.75
2005-02-23,18.75
2005-02-24,18.75
2005-02-25,18.75
2005-02-28,18.74
2005-03-01,18.74
2005-03-02,18.74
2005-03-03,18.74
2005-03-04,18.74
2005-03-07,18.75
2005-03-08,18.75
2005-03-09,18.75
2005-03-10,18.75
2005-03-11,18.75
2005-03-14,18.75
2005-03-15,18.75
2005-03-16,18.75
2005-03-17,19.24
2005-03-18,19.24
2005-03-21,19.24
2005-03-22,19.24
2005-03-23,19.24
2005-03-24,19.24
2005-03-28,19.25
2005-03-29,19.25
2005-03-30,19.25
2005-03-31,19.25
2005-04-01,19.24
2005-04-04,19.24
2005-04-05,19.24
2005-04-06,19.24
2005-04-07,19.24
2005-04-08,19.24
2005-04-11,19.24
2005-04-12,19.24
2005-04-13,19.24
2005-04-14,19.24
2005-04-15,19.24
2005-04-18,19.24
2005-04-19,19.24
2005-04-20,19.24
2005-04-22,19.49
2005-04-25,19.49
2005-04-26,19.49
2005-04-27,19.5
2005-04-28,19.5
2005-04-29,19.5
2005-05-02,19.5
2005-05-03,19.51
2005-05-04,19.51
2005-05-05,19.51
2005-05-06,19.51
2005-05-09,19.52
2005-05-10,19.52
2005-05-11,19.52
2005-05-12,19.52
2005-05-13,19.52
2005-05-16,19.52
2005-05-17,19.52
2005-05-18,19.51
2005-05-19,19.76
2005-05-20,19.75
2005-05-23,19.75
2005-05-24,19.75
2005-05-25,19.75
2005-05-27,19.75
2005-05-30,19.75
2005-05-31,19.76
2005-06-01,19.76
2005-06-02,19.75
2005-06-03,19.75
2005-06-06,19.75
2005-06-07,19.75
2005-06-08,19.75
2005-06-09,19.75
2005-06-10,19.75
2005-06-13,19.75
2005-06-14,19.75
2005-06-15,19.75
2005-06-16,19.74
2005-06-17,19.74
2005-06-20,19.74
2005-06-21,19.74
2005-06-22,19.74
2005-06-23,19.74
2005-06-24,19.74
2005-06-27,19.74
2005-06-28,19.74
2005-06-29,19.74
2005-06-30,19.74
2005-07-01,19.73
2005-07-04,19.72
2005-07-05,19.72
2005-07-06,19.72
2005-07-07,19.72
2005-07-08,19.72
2005-07-11,19.72
2005-07-12,19.72
2005-07-13,19.72
2005-07-14,19.72
2005-07-15,19.73
2005-07-18,19.72
2005-07-19,19.72
2005-07-20,19.72
2005-07-21,19.72
2005-07-22,19.72
2005-07-25,19.72
2005-07-26,19.72
2005-07-27,19.72
2005-07-28,19.73
2005-07-29,19.74
2005-08-01,19.74
2005-08-02,19.75
2005-08-03,19.75
2005-08-04,19.76
2005-08-05,19.76
2005-08-08,19.76
2005-08-09,19.76
2005-08-10,19.76
2005-08-11,19.76
2005-08-12,19.76
2005-08-15,19.76
2005-08-16,19.77
2005-08-17,19.75
2005-08-18,19.74
2005-08-19,19.74
2005-08-22,19.74
2005-08-23,19.74
2005-08-24,19.74
2005-08-25,19.74
2005-08-26,19.74
2005-08-29,19.73
2005-08-30,19.73
2005-08-31,19.73
2005-09-01,19.74
2005-09-02,19.73
2005-09-05,19.73
2005-09-06,19.74
2005-09-08,19.74
2005-09-09,19.74
2005-09-12,19.74
2005-09-13,19.74
2005-09-14,19.74
2005-09-15,19.49
2005-09-16,19.5
2005-09-19,19.51
2005-09-20,19.51
2005-09-21,19.5
2005-09-22,19.51
2005-09-23,19.5
2005-09-26,19.5
2005-09-27,19.5
2005-09-28,19.52
2005-09-29,19.52
2005-09-30,19.53
2005-10-03,19.48
2005-10-04,19.46
2005-10-05,19.45
2005-10-06,19.45
2005-10-07,19.45
2005-10-10,19.45
2005-10-11,19.45
2005-10-13,19.45
2005-10-14,19.45
2005-10-17,19.45
2005-10-18,19.45
2005-10-19,19.45
2005-10-20,18.95
2005-10-21,18.95
2005-10-24,18.95
2005-10-25,18.95
2005-10-26,18.95
2005-10-27,18.95
2005-10-28,18.95
2005-10-31,18.95
2005-11-01,18.95
2005-11-03,18.95
2005-11-04,18.96
2005-11-07,18.97
2005-11-08,18.99
2005-11-09,19.01
2005-11-10,19.02
2005-11-11,19.03
2005-11-14,19.03
2005-11-16,19.02
2005-11-17,19.01
2005-11-18,19
2005-11-21,18.98
2005-11-22,18.98
2005-11-23,18.96
2005-11-24,18.46
2005-11-25,18.47
2005-11-28,18.49
2005-11-29,18.5
2005-11-30,18.53
2005-12-01,18.52
2005-12-02,18.5
2005-12-05,18.49
2005-12-06,18.48
2005-12-07,18.48
2005-12-08,18.48
2005-12-09,18.48
2005-12-12,18.48
2005-12-13,18.48
2005-12-14,18.48
2005-12-15,18
2005-12-16,18.03
2005-12-19,18.04
2005-12-20,18.04
2005-12-21,18.04
2005-12-22,18.04
2005-12-23,18.04
2005-12-26,18.04
2005-12-27,18.04
2005-12-28,18.04
2005-12-29,18.05
2005-12-30,18.05
2006-01-02,17.98
2006-01-03,17.98
2006-01-04,17.97
2006-01-05,17.96
2006-01-06,17.95
2006-01-09,17.95
2006-01-10,17.95
2006-01-11,17.95
2006-01-12,17.95
2006-01-13,17.95
2006-01-16,17.95
2006-01-17,17.95
2006-01-18,17.95
2006-01-19,17.2
2006-01-20,17.2
2006-01-23,17.2
2006-01-24,17.2
2006-01-25,17.21
2006-01-26,17.22
2006-01-27,17.23
2006-01-30,17.23
2006-01-31,17.23
2006-02-01,17.23
2006-02-02,17.24
2006-02-03,17.26
2006-02-06,17.27
2006-02-07,17.28
2006-02-08,17.29
2006-02-09,17.29
2006-02-10,17.29
2006-02-13,17.29
2006-02-14,17.29
2006-02-15,17.29
2006-02-16,17.29
2006-02-17,17.29
2006-02-20,17.29
2006-02-21,17.29
2006-02-22,17.29
2006-02-23,17.29
2006-02-24,17.29
2006-03-01,17.29
2006-03-02,17.29
2006-03-03,17.29
2006-03-06,17.29
2006-03-07,17.29
2006-03-08,17.29
2006-03-09,16.54
2006-03-10,16.54
2006-03-13,16.54
2006-03-14,16.54
2006-03-15,16.54
2006-03-16,16.54
2006-03-17,16.54
2006-03-20,16.54
2006-03-21,16.54
2006-03-22,16.54
2006-03-23,16.54
2006-03-24,16.54
2006-03-27,16.54
2006-03-28,16.54
2006-03-29,16.54
2006-03-30,16.54
2006-03-31,16.54
2006-04-03,16.45
2006-04-04,16.45
2006-04-05,16.45
2006-04-06,16.45
2006-04-07,16.45
2006-04-10,16.45
2006-04-11,16.45
2006-04-12,16.45
2006-04-13,16.45
2006-04-17,16.45
2006-04-18,16.45
2006-04-19,16.44
2006-04-20,15.69
2006-04-24,15.68
2006-04-25,15.68
2006-04-26,15.68
2006-04-27,15.69
2006-04-28,15.7
2006-05-02,15.7
2006-05-03,15.71
2006-05-04,15.71
2006-05-05,15.77
2006-05-08,15.77
2006-05-09,15.77
2006-05-10,15.71
2006-05-11,15.7
2006-05-12,15.75
2006-05-15,15.74
2006-05-16,15.77
2006-05-17,15.68
2006-05-18,15.68
2006-05-19,15.66
2006-05-22,15.66
2006-05-23,15.67
2006-05-24,15.66
2006-05-25,15.67
2006-05-26,15.66
2006-05-29,15.67
2006-05-30,15.66
2006-05-31,15.66
2006-06-01,15.17
2006-06-02,15.16
2006-06-05,15.17
2006-06-06,15.17
2006-06-07,15.17
2006-06-08,15.17
2006-06-09,15.17
2006-06-12,15.18
2006-06-13,15.19
2006-06-14,15.18
2006-06-16,15.18
2006-06-19,15.18
2006-06-20,15.18
2006-06-21,15.18
2006-06-22,15.18
2006-06-23,15.17
2006-06-26,15.18
2006-06-27,15.18
2006-06-28,15.18
2006-06-29,15.18
2006-06-30,15.18
2006-07-03,15.17
2006-07-04,15.18
2006-07-05,15.18
2006-07-06,15.18
2006-07-07,15.18
2006-07-10,15.18
2006-07-11,15.18
2006-07-12,15.18
2006-07-13,15.18
2006-07-14,15.18
2006-07-17,15.16
2006-07-18,15.19
2006-07-19,15.17
2006-07-20,14.66
2006-07-21,14.65
2006-07-24,14.66
2006-07-25,14.66
2006-07-26,14.66
2006-07-27,14.66
2006-07-28,14.65
2006-07-31,14.66
2006-08-01,14.66
2006-08-02,14.66
2006-08-03,14.67
2006-08-04,14.66
2006-08-07,14.66
2006-08-08,14.66
2006-08-09,14.66
2006-08-10,14.66
2006-08-11,14.67
2006-08-14,14.69
2006-08-15,14.7
2006-08-16,14.69
2006-08-17,14.69
2006-08-18,14.74
2006-08-21,14.7
2006-08-22,14.69
2006-08-23,14.68
2006-08-24,14.69
2006-08-25,14.68
2006-08-28,14.69
2006-08-29,14.69
2006-08-30,14.67
2006-08-31,14.18
2006-09-01,14.17
2006-09-04,14.17
2006-09-05,14.18
2006-09-06,14.17
2006-09-08,14.17
2006-09-11,14.17
2006-09-12,14.17
2006-09-13,14.17
2006-09-14,14.17
2006-09-15,14.17
2006-09-18,14.16
2006-09-19,14.17
2006-09-20,14.17
2006-09-21,14.18
2006-09-22,14.17
2006-09-25,14.17
2006-09-26,14.17
2006-09-27,14.17
2006-09-28,14.17
2006-09-29,14.17
2006-10-02,14.16
2006-10-03,14.16
2006-10-04,14.16
2006-10-05,14.16
2006-10-06,14.17
2006-10-09,14.16
2006-10-10,14.16
2006-10-11,14.16
2006-10-13,14.16
2006-10-16,14.16
2006-10-17,14.16
2006-10-18,14.16
2006-10-19,13.67
2006-10-20,13.65
2006-10-23,13.66
2006-10-24,13.67
2006-10-25,13.68
2006-10-26,13.68
2006-10-27,13.67
2006-10-30,13.68
2006-10-31,13.68
2006-11-01,13.68
2006-11-03,13.67
2006-11-06,13.69
2006-11-07,13.69
2006-11-08,13.69
2006-11-09,13.68
2006-11-10,13.66
2006-11-13,13.68
2006-11-14,13.67
2006-11-16,13.66
2006-11-17,13.66
2006-11-20,13.68
2006-11-21,13.68
2006-11-22,13.66
2006-11-23,13.67
2006-11-24,13.66
2006-11-27,13.66
2006-11-28,13.68
2006-11-29,13.68
2006-11-30,13.18
2006-12-01,13.18
2006-12-04,13.18
2006-12-05,13.19
2006-12-06,13.18
2006-12-07,13.18
2006-12-08,13.18
2006-12-11,13.19
2006-12-12,13.18
2006-12-13,13.19
2006-12-14,13.19
2006-12-15,13.18
2006-12-18,13.19
2006-12-19,13.19
2006-12-20,13.19
2006-12-21,13.19
2006-12-22,13.19
2006-12-26,13.19
2006-12-27,13.18
2006-12-28,13.19
2006-12-29,13.19
2007-01-02,13.19
2007-01-03,13.18
2007-01-04,13.19
2007-01-05,13.19
2007-01-08,13.19
2007-01-09,13.19
2007-01-10,13.19
2007-01-11,13.19
2007-01-12,13.18
2007-01-15,13.19
2007-01-16,13.19
2007-01-17,13.19
2007-01-18,13.19
2007-01-19,13.19
2007-01-22,13.19
2007-01-23,13.19
2007-01-24,13.18
2007-01-25,12.94
2007-01-26,12.92
2007-01-29,12.93
2007-01-30,12.93
2007-01-31,12.93
2007-02-01,12.93
2007-02-02,12.93
2007-02-05,12.93
2007-02-06,12.93
2007-02-07,12.93
2007-02-08,12.93
2007-02-09,12.93
2007-02-12,12.93
2007-02-13,12.93
2007-02-14,12.93
2007-02-15,12.93
2007-02-16,12.94
2007-02-21,12.94
2007-02-22,12.94
2007-02-23,12.94
2007-02-26,12.93
2007-02-27,12.93
2007-02-28,12.93
2007-03-01,12.93
2007-03-02,12.93
2007-03-05,12.93
2007-03-06,12.93
2007-03-07,12.93
2007-03-08,12.69
2007-03-09,12.69
2007-03-12,12.69
2007-03-13,12.68
2007-03-14,12.68
2007-03-15,12.68
2007-03-16,12.68
2007-03-19,12.68
2007-03-20,12.68
2007-03-21,12.68
2007-03-22,12.68
2007-03-23,12.68
2007-03-26,12.68
2007-03-27,12.68
2007-03-28,12.68
2007-03-29,12.68
2007-03-30,12.68
2007-04-02,12.68
2007-04-03,12.68
2007-04-04,12.68
2007-04-05,12.69
2007-04-09,12.68
2007-04-10,12.68
2007-04-11,12.68
2007-04-12,12.68
2007-04-13,12.68
2007-04-16,12.68
2007-04-17,12.67
2007-04-18,12.67
2007-04-19,12.43
2007-04-20,12.43
2007-04-23,12.43
2007-04-24,12.43
2007-04-25,12.43
2007-04-26,12.43
2007-04-27,12.43
2007-04-30,12.43
2007-05-02,12.43
2007-05-03,12.43
2007-05-04,12.43
2007-05-07,12.43
2007-05-08,12.43
2007-05-09,12.43
2007-05-10,12.43
2007-05-11,12.43
2007-05-14,12.43
2007-05-15,12.43
2007-05-16,12.43
2007-05-17,12.43
2007-05-18,12.43
2007-05-21,12.43
2007-05-22,12.43
2007-05-23,12.43
2007-05-24,12.43
2007-05-25,12.43
2007-05-28,12.43
2007-05-29,12.43
2007-05-30,12.43
2007-05-31,12.43
2007-06-01,12.43
2007-06-04,12.43
2007-06-05,12.43
2007-06-06,12.43
2007-06-08,11.93
2007-06-11,11.93
2007-06-12,11.93
2007-06-13,11.93
2007-06-14,11.93
2007-06-15,11.93
2007-06-18,11.93
2007-06-19,11.93
2007-06-20,11.93
2007-06-21,11.93
2007-06-22,11.93
2007-06-25,11.93
2007-06-26,11.93
2007-06-27,11.93
2007-06-28,11.93
2007-06-29,11.93
2007-07-02,11.93
2007-07-03,11.93
2007-07-04,11.93
2007-07-05,11.93
2007-07-06,11.93
2007-07-09,11.93
2007-07-10,11.93
2007-07-11,11.93
2007-07-12,11.93
2007-07-13,11.93
2007-07-16,11.93
2007-07-17,11.93
2007-07-18,11.93
2007-07-19,11.43
2007-07-20,11.43
2007-07-23,11.43
2007-07-24,11.43
2007-07-25,11.43
2007-07-26,11.43
2007-07-27,11.43
2007-07-30,11.43
2007-07-31,11.43
2007-08-01,11.43
2007-08-02,11.43
2007-08-03,11.43
2007-08-06,11.43
2007-08-07,11.43
2007-08-08,11.43
2007-08-09,11.43
2007-08-10,11.43
2007-08-13,11.42
2007-08-14,11.43
2007-08-15,11.43
2007-08-16,11.43
2007-08-17,11.43
2007-08-20,11.43
2007-08-21,11.43
2007-08-22,11.43
2007-08-23,11.43
2007-08-24,11.43
2007-08-27,11.43
2007-08-28,11.43
2007-08-29,11.43
2007-08-30,11.43
2007-08-31,11.43
2007-09-03,11.43
2007-09-04,11.43
2007-09-05,11.43
2007-09-06,11.18
2007-09-10,11.18
2007-09-11,11.18
2007-09-12,11.18
2007-09-13,11.18
2007-09-14,11.18
2007-09-17,11.18
2007-09-18,11.18
2007-09-19,11.18
2007-09-20,11.18
2007-09-21,11.18
2007-09-24,11.18
2007-09-25,11.18
2007-09-26,11.18
2007-09-27,11.18
2007-09-28,11.18
2007-10-01,11.18
2007-10-02,11.18
2007-10-03,11.18
2007-10-04,11.18
2007-10-05,11.18
2007-10-08,11.18
2007-10-09,11.18
2007-10-10,11.18
2007-10-11,11.18
2007-10-15,11.18
2007-10-16,11.18
2007-10-17,11.18
2007-10-18,11.18
2007-10-19,11.18
2007-10-22,11.18
2007-10-23,11.18
2007-10-24,11.18
2007-10-25,11.18
2007-10-26,11.18
2007-10-29,11.18
2007-10-30,11.17
2007-10-31,11.18
2007-11-01,11.18
2007-11-05,11.18
2007-11-06,11.18
2007-11-07,11.18
2007-11-08,11.18
2007-11-09,11.18
2007-11-12,11.18
2007-11-13,11.18
2007-11-14,11.18
2007-11-16,11.18
2007-11-19,11.18
2007-11-20,11.18
2007-11-21,11.18
2007-11-22,11.18
2007-11-23,11.18
2007-11-26,11.18
2007-11-27,11.18
2007-11-28,11.18
2007-11-29,11.18
2007-11-30,11.18
2007-12-03,11.18
2007-12-04,11.18
2007-12-05,11.18
2007-12-06,11.18
2007-12-07,11.18
2007-12-10,11.18
2007-12-11,11.18
2007-12-12,11.18
2007-12-13,11.18
2007-12-14,11.18
2007-12-17,11.18
2007-12-18,11.18
2007-12-19,11.18
2007-12-20,11.18
2007-12-21,11.18
2007-12-24,11.18
2007-12-26,11.18
2007-12-27,11.18
2007-12-28,11.18
2007-12-31,11.18
2008-01-02,11.18
2008-01-03,11.18
2008-01-04,11.18
2008-01-07,11.17
2008-01-08,11.17
2008-01-09,11.18
2008-01-10,11.18
2008-01-11,11.18
2008-01-14,11.18
2008-01-15,11.18
2008-01-16,11.18
2008-01-17,11.18
2008-01-18,11.18
2008-01-21,11.17
2008-01-22,11.18
2008-01-23,11.18
2008-01-24,11.17
2008-01-25,11.18
2008-01-28,11.18
2008-01-29,11.18
2008-01-30,11.18
2008-01-31,11.18
2008-02-01,11.18
2008-02-06,11.18
2008-02-07,11.18
2008-02-08,11.18
2008-02-11,11.18
2008-02-12,11.18
2008-02-13,11.18
2008-02-14,11.18
2008-02-15,11.17
2008-02-18,11.18
2008-02-19,11.18
2008-02-20,11.18
2008-02-21,11.18
2008-02-22,11.18
2008-02-25,11.18
2008-02-26,11.18
2008-02-27,11.18
2008-02-28,11.18
2008-02-29,11.18
2008-03-03,11.18
2008-03-04,11.17
2008-03-05,11.18
2008-03-06,11.18
2008-03-07,11.18
2008-03-10,11.18
2008-03-11,11.18
2008-03-12,11.18
2008-03-13,11.18
2008-03-14,11.18
2008-03-17,11.18
2008-03-18,11.17
2008-03-19,11.18
2008-03-20,11.18
2008-03-24,11.18
2008-03-25,11.18
2008-03-26,11.18
2008-03-27,11.18
2008-03-28,11.18
2008-03-31,11.18
2008-04-01,11.18
2008-04-02,11.13
2008-04-03,11.18
2008-04-04,11.18
2008-04-07,11.18
2008-04-08,11.18
2008-04-09,11.18
2008-04-10,11.18
2008-04-11,11.18
2008-04-14,11.18
2008-04-15,11.18
2008-04-16,11.18
2008-04-17,11.68
2008-04-18,11.65
2008-04-22,11.64
2008-04-23,11.64
2008-04-24,11.62
2008-04-25,11.6
2008-04-28,11.61
2008-04-29,11.61
2008-04-30,11.61
2008-05-02,11.61
2008-05-05,11.61
2008-05-06,11.61
2008-05-07,11.61
2008-05-08,11.6
2008-05-09,11.61
2008-05-12,11.61
2008-05-13,11.62
2008-05-14,11.63
2008-05-15,11.63
2008-05-16,11.64
2008-05-19,11.64
2008-05-20,11.64
2008-05-21,11.64
2008-05-23,11.64
2008-05-26,11.64
2008-05-27,11.64
2008-05-28,11.64
2008-05-29,11.64
2008-05-30,11.64
2008-06-02,11.64
2008-06-03,11.64
2008-06-04,11.64
2008-06-05,12.14
2008-06-06,12.14
2008-06-09,12.14
2008-06-10,12.16
2008-06-11,12.17
2008-06-12,12.17
2008-06-13,12.17
2008-06-16,12.17
2008-06-17,12.17
2008-06-18,12.17
2008-06-19,12.17
2008-06-20,12.17
2008-06-23,12.17
2008-06-24,12.17
2008-06-25,12.17
2008-06-26,12.17
2008-06-27,12.17
2008-06-30,12.17
2008-07-01,12.17
2008-07-02,12.17
2008-07-03,12.17
2008-07-04,12.17
2008-07-07,12.17
2008-07-08,12.17
2008-07-09,12.17
2008-07-10,12.17
2008-07-11,12.17
2008-07-14,12.17
2008-07-15,12.17
2008-07-16,12.17
2008-07-17,12.17
2008-07-18,12.17
2008-07-21,12.17
2008-07-22,12.17
2008-07-23,12.16
2008-07-24,12.91
2008-07-25,12.92
2008-07-28,12.92
2008-07-29,12.92
2008-07-30,12.92
2008-07-31,12.92
2008-08-01,12.92
2008-08-04,12.92
2008-08-05,12.92
2008-08-06,12.92
2008-08-07,12.92
2008-08-08,12.92
2008-08-11,12.92
2008-08-12,12.91
2008-08-13,12.91
2008-08-14,12.92
2008-08-15,12.92
2008-08-18,12.92
2008-08-19,12.92
2008-08-20,12.92
2008-08-21,12.92
2008-08-22,12.92
2008-08-25,12.92
2008-08-26,12.92
2008-08-27,12.92
2008-08-28,12.92
2008-08-29,12.92
2008-09-01,12.91
2008-09-02,12.92
2008-09-03,12.92
2008-09-04,12.92
2008-09-05,12.92
2008-09-08,12.91
2008-09-09,12.92
2008-09-10,12.92
2008-09-11,13.66
2008-09-12,13.66
2008-09-15,13.66
2008-09-16,13.66
2008-09-17,13.66
2008-09-18,13.66
2008-09-19,13.66
2008-09-22,13.66
2008-09-23,13.66
2008-09-24,13.66
2008-09-25,13.66
2008-09-26,13.66
2008-09-29,13.67
2008-09-30,13.66
2008-10-01,13.66
2008-10-02,13.67
2008-10-03,13.67
2008-10-06,13.67
2008-10-07,13.67
2008-10-08,13.67
2008-10-09,13.67
2008-10-10,13.67
2008-10-13,13.67
2008-10-14,13.67
2008-10-15,13.67
2008-10-16,13.66
2008-10-17,13.66
2008-10-20,13.66
2008-10-21,13.66
2008-10-22,13.66
2008-10-23,13.66
2008-10-24,13.66
2008-10-27,13.66
2008-10-28,13.66
2008-10-29,13.67
2008-10-30,13.67
2008-10-31,13.65
2008-11-03,13.65
2008-11-04,13.65
2008-11-05,13.65
2008-11-06,13.65
2008-11-07,13.64
2008-11-10,13.64
2008-11-11,13.64
2008-11-12,13.64
2008-11-13,13.64
2008-11-14,13.63
2008-11-17,13.63
2008-11-18,13.63
2008-11-19,13.64
2008-11-20,13.63
2008-11-21,13.63
2008-11-24,13.64
2008-11-25,13.64
2008-11-26,13.64
2008-11-27,13.64
2008-11-28,13.65
2008-12-01,13.65
2008-12-02,13.66
2008-12-03,13.66
2008-12-04,13.66
2008-12-05,13.66
2008-12-08,13.66
2008-12-09,13.66
2008-12-10,13.66
2008-12-11,13.66
2008-12-12,13.66
2008-12-15,13.66
2008-12-16,13.66
2008-12-17,13.66
2008-12-18,13.66
2008-12-19,13.66
2008-12-22,13.66
2008-12-23,13.66
2008-12-24,13.66
2008-12-26,13.66
2008-12-29,13.66
2008-12-30,13.66
2008-12-31,13.67
2009-01-02,13.67
2009-01-05,13.66
2009-01-06,13.66
2009-01-07,13.66
2009-01-08,13.66
2009-01-09,13.66
2009-01-12,13.66
2009-01-13,13.66
2009-01-14,13.66
2009-01-15,13.66
2009-01-16,13.66
2009-01-19,13.66
2009-01-20,13.65
2009-01-21,13.65
2009-01-22,12.65
2009-01-23,12.66
2009-01-26,12.65
2009-01-27,12.66
2009-01-28,12.66
2009-01-29,12.66
2009-01-30,12.66
2009-02-02,12.66
2009-02-03,12.66
2009-02-04,12.66
2009-02-05,12.66
2009-02-06,12.66
2009-02-09,12.66
2009-02-10,12.66
2009-02-11,12.66
2009-02-12,12.66
2009-02-13,12.66
2009-02-16,12.66
2009-02-17,12.66
2009-02-18,12.66
2009-02-19,12.66
2009-02-20,12.66
2009-02-25,12.66
2009-02-26,12.66
2009-02-27,12.66
2009-03-02,12.66
2009-03-03,12.66
2009-03-04,12.66
2009-03-05,12.66
2009-03-06,12.66
2009-03-09,12.66
2009-03-10,12.66
2009-03-11,12.66
2009-03-12,11.16
2009-03-13,11.16
2009-03-16,11.16
2009-03-17,11.16
2009-03-18,11.16
2009-03-19,11.16
2009-03-20,11.16
2009-03-23,11.16
2009-03-24,11.16
2009-03-25,11.16
2009-03-26,11.16
2009-03-27,11.16
2009-03-30,11.16
2009-03-31,11.16
2009-04-01,11.16
2009-04-02,11.16
2009-04-03,11.16
2009-04-06,11.16
2009-04-07,11.16
2009-04-08,11.16
2009-04-09,11.16
2009-04-13,11.16
2009-04-14,11.16
2009-04-15,11.16
2009-04-16,11.16
2009-04-17,11.16
2009-04-20,11.16
2009-04-22,11.16
2009-04-23,11.16
2009-04-24,11.16
2009-04-27,11.16
2009-04-28,11.16
2009-04-29,11.15
2009-04-30,10.16
2009-05-04,10.16
2009-05-05,10.16
2009-05-06,10.16
2009-05-07,10.16
2009-05-08,10.16
2009-05-11,10.16
2009-05-12,10.15
2009-05-13,10.16
2009-05-14,10.16
2009-05-15,10.16
2009-05-18,10.16
2009-05-19,10.16
2009-05-20,10.16
2009-05-21,10.16
2009-05-22,10.16
2009-05-25,10.16
2009-05-26,10.16
2009-05-27,10.16
2009-05-28,10.16
2009-05-29,10.16
2009-06-01,10.16
2009-06-02,10.16
2009-06-03,10.16
2009-06-04,10.16
2009-06-05,10.16
2009-06-08,10.16
2009-06-09,10.16
2009-06-10,10.15
2009-06-12,9.16
2009-06-15,9.16
2009-06-16,9.16
2009-06-17,9.16
2009-06-18,9.16
2009-06-19,9.16
2009-06-22,9.16
2009-06-23,9.16
2009-06-24,9.16
2009-06-25,9.16
2009-06-26,9.16
2009-06-29,9.16
2009-06-30,9.16
2009-07-01,9.16
2009-07-02,9.16
2009-07-03,9.16
2009-07-06,9.16
2009-07-07,9.16
2009-07-08,9.16
2009-07-09,9.16
2009-07-10,9.16
2009-07-13,9.16
2009-07-14,9.16
2009-07-15,9.16
2009-07-16,9.16
2009-07-17,9.16
2009-07-20,9.16
2009-07-21,9.16
2009-07-22,9.15
2009-07-23,8.66
2009-07-24,8.66
2009-07-27,8.66
2009-07-28,8.65
2009-07-29,8.66
2009-07-30,8.65
2009-07-31,8.65
2009-08-03,8.65
2009-08-04,8.65
2009-08-05,8.65
2009-08-06,8.65
2009-08-07,8.65
2009-08-10,8.65
2009-08-11,8.65
2009-08-12,8.65
2009-08-13,8.65
2009-08-14,8.65
2009-08-17,8.65
2009-08-18,8.65
2009-08-19,8.65
2009-08-20,8.65
2009-08-21,8.65
2009-08-24,8.65
2009-08-25,8.65
2009-08-26,8.65
2009-08-27,8.65
2009-08-28,8.65
2009-08-31,8.65
2009-09-01,8.65
2009-09-02,8.65
2009-09-03,8.65
2009-09-04,8.65
2009-09-08,8.65
2009-09-09,8.65
2009-09-10,8.65
2009-09-11,8.65
2009-09-14,8.65
2009-09-15,8.65
2009-09-16,8.65
2009-09-17,8.65
2009-09-18,8.65
2009-09-21,8.65
2009-09-22,8.65
2009-09-23,8.65
2009-09-24,8.65
2009-09-25,8.65
2009-09-28,8.65
2009-09-29,8.65
2009-09-30,8.65
2009-10-01,8.65
2009-10-02,8.65
2009-10-05,8.65
2009-10-06,8.65
2009-10-07,8.65
2009-10-08,8.65
2009-10-09,8.65
2009-10-13,8.65
2009-10-14,8.65
2009-10-15,8.65
2009-10-16,8.65
2009-10-19,8.65
2009-10-20,8.65
2009-10-21,8.65
2009-10-22,8.65
2009-10-23,8.65
2009-10-26,8.65
2009-10-27,8.65
2009-10-28,8.65
2009-10-29,8.65
2009-10-30,8.65
2009-11-03,8.65
2009-11-04,8.65
2009-11-05,8.65
2009-11-06,8.65
2009-11-09,8.65
2009-11-10,8.65
2009-11-11,8.65
2009-11-12,8.65
2009-11-13,8.65
2009-11-16,8.65
2009-11-17,8.65
2009-11-18,8.65
2009-11-19,8.65
2009-11-20,8.65
2009-11-23,8.65
2009-11-24,8.65
2009-11-25,8.65
2009-11-26,8.65
2009-11-27,8.65
2009-11-30,8.65
2009-12-01,8.65
2009-12-02,8.65
2009-12-03,8.65
2009-12-04,8.65
2009-12-07,8.65
2009-12-08,8.65
2009-12-09,8.65
2009-12-10,8.65
2009-12-11,8.65
2009-12-14,8.65
2009-12-15,8.65
2009-12-16,8.65
2009-12-17,8.65
2009-12-18,8.65
2009-12-21,8.65
2009-12-22,8.65
2009-12-23,8.65
2009-12-24,8.65
2009-12-28,8.65
2009-12-29,8.64
2009-12-30,8.65
2009-12-31,8.65
2010-01-04,8.65
2010-01-05,8.65
2010-01-06,8.65
2010-01-07,8.65
2010-01-08,8.65
2010-01-11,8.65
2010-01-12,8.65
2010-01-13,8.65
2010-01-14,8.65
2010-01-15,8.65
2010-01-18,8.65
2010-01-19,8.65
2010-01-20,8.65
2010-01-21,8.65
2010-01-22,8.65
2010-01-25,8.65
2010-01-26,8.64
2010-01-27,8.65
2010-01-28,8.65
2010-01-29,8.65
2010-02-01,8.65
2010-02-02,8.65
2010-02-03,8.65
2010-02-04,8.65
2010-02-05,8.65
2010-02-08,8.65
2010-02-09,8.65
2010-02-10,8.65
2010-02-11,8.65
2010-02-12,8.65
2010-02-17,8.65
2010-02-18,8.65
2010-02-19,8.65
2010-02-22,8.65
2010-02-23,8.65
2010-02-24,8.65
2010-02-25,8.65
2010-02-26,8.65
2010-03-01,8.65
2010-03-02,8.65
2010-03-03,8.65
2010-03-04,8.65
2010-03-05,8.65
2010-03-08,8.65
2010-03-09,8.65
2010-03-10,8.65
2010-03-11,8.65
2010-03-12,8.65
2010-03-15,8.65
2010-03-16,8.65
2010-03-17,8.65
2010-03-18,8.65
2010-03-19,8.65
2010-03-22,8.65
2010-03-23,8.65
2010-03-24,8.65
2010-03-25,8.65
2010-03-26,8.65
2010-03-29,8.65
2010-03-30,8.65
2010-03-31,8.65
2010-04-01,8.65
2010-04-05,8.65
2010-04-06,8.65
2010-04-07,8.65
2010-04-08,8.65
2010-04-09,8.65
2010-04-12,8.65
2010-04-13,8.65
2010-04-14,8.65
2010-04-15,8.65
2010-04-16,8.65
2010-04-19,8.65
2010-04-20,8.65
2010-04-22,8.65
2010-04-23,8.64
2010-04-26,8.64
2010-04-27,8.64
2010-04-28,8.64
2010-04-29,9.39
2010-04-30,9.4
2010-05-03,9.4
2010-05-04,9.4
2010-05-05,9.4
2010-05-06,9.4
2010-05-07,9.4
2010-05-10,9.4
2010-05-11,9.4
2010-05-12,9.4
2010-05-13,9.4
2010-05-14,9.4
2010-05-17,9.4
2010-05-18,9.4
2010-05-19,9.4
2010-05-20,9.4
2010-05-21,9.4
2010-05-24,9.39
2010-05-25,9.4
2010-05-26,9.4
2010-05-27,9.4
2010-05-28,9.39
2010-05-31,9.39
2010-06-01,9.4
2010-06-02,9.4
2010-06-04,9.4
2010-06-07,9.4
2010-06-08,9.4
2010-06-09,9.4
2010-06-10,10.15
2010-06-11,10.15
2010-06-14,10.15
2010-06-15,10.15
2010-06-16,10.15
2010-06-17,10.15
2010-06-18,10.15
2010-06-21,10.15
2010-06-22,10.15
2010-06-23,10.15
2010-06-24,10.15
2010-06-25,10.15
2010-06-28,10.16
2010-06-29,10.16
2010-06-30,10.16
2010-07-01,10.16
2010-07-02,10.16
2010-07-05,10.16
2010-07-06,10.16
2010-07-07,10.16
2010-07-08,10.16
2010-07-09,10.16
2010-07-12,10.16
2010-07-13,10.16
2010-07-14,10.16
2010-07-15,10.16
2010-07-16,10.16
2010-07-19,10.16
2010-07-20,10.16
2010-07-21,10.16
2010-07-22,10.66
2010-07-23,10.66
2010-07-26,10.66
2010-07-27,10.66
2010-07-28,10.66
2010-07-29,10.66
2010-07-30,10.66
2010-08-02,10.66
2010-08-03,10.66
2010-08-04,10.66
2010-08-05,10.66
2010-08-06,10.66
2010-08-09,10.66
2010-08-10,10.66
2010-08-11,10.66
2010-08-12,10.66
2010-08-13,10.66
2010-08-16,10.66
2010-08-17,10.66
2010-08-18,10.66
2010-08-19,10.66
2010-08-20,10.66
2010-08-23,10.66
2010-08-24,10.66
2010-08-25,10.66
2010-08-26,10.66
2010-08-27,10.66
2010-08-30,10.66
2010-08-31,10.66
2010-09-01,10.66
2010-09-02,10.66
2010-09-03,10.66
2010-09-06,10.66
2010-09-08,10.66
2010-09-09,10.66
2010-09-10,10.66
2010-09-13,10.66
2010-09-14,10.66
2010-09-15,10.66
2010-09-16,10.66
2010-09-17,10.66
2010-09-20,10.66
2010-09-21,10.66
2010-09-22,10.66
2010-09-23,10.66
2010-09-24,10.66
2010-09-27,10.66
2010-09-28,10.66
2010-09-29,10.66
2010-09-30,10.66
2010-10-01,10.66
2010-10-04,10.66
2010-10-05,10.66
2010-10-06,10.66
2010-10-07,10.66
2010-10-08,10.66
2010-10-11,10.66
2010-10-13,10.66
2010-10-14,10.66
2010-10-15,10.66
2010-10-18,10.66
2010-10-19,10.66
2010-10-20,10.66
2010-10-21,10.66
2010-10-22,10.66
2010-10-25,10.66
2010-10-26,10.66
2010-10-27,10.66
2010-10-28,10.66
2010-10-29,10.66
2010-11-01,10.66
2010-11-03,10.66
2010-11-04,10.66
2010-11-05,10.66
2010-11-08,10.66
2010-11-09,10.66
2010-11-10,10.66
2010-11-11,10.66
2010-11-12,10.66
2010-11-16,10.66
2010-11-17,10.66
2010-11-18,10.66
2010-11-19,10.66
2010-11-22,10.66
2010-11-23,10.66
2010-11-24,10.66
2010-11-25,10.66
2010-11-26,10.66
2010-11-29,10.66
2010-11-30,10.66
2010-12-01,10.66
2010-12-02,10.66
2010-12-03,10.66
2010-12-06,10.66
2010-12-07,10.66
2010-12-08,10.66
2010-12-09,10.66
2010-12-10,10.66
2010-12-13,10.66
2010-12-14,10.66
2010-12-15,10.66
2010-12-16,10.67
2010-12-17,10.66
2010-12-20,10.66
2010-12-21,10.66
2010-12-22,10.66
2010-12-23,10.66
2010-12-24,10.66
2010-12-27,10.66
2010-12-28,10.66
2010-12-29,10.66
2010-12-30,10.67
2010-12-31,10.67
2011-01-03,10.67
2011-01-04,10.66
2011-01-05,10.67
2011-01-06,10.66
2011-01-07,10.67
2011-01-10,10.66
2011-01-11,10.66
2011-01-12,10.66
2011-01-13,10.66
2011-01-14,10.66
2011-01-17,10.66
2011-01-18,10.66
2011-01-19,10.66
2011-01-20,11.16
2011-01-21,11.16
2011-01-24,11.16
2011-01-25,11.16
2011-01-26,11.16
2011-01-27,11.17
2011-01-28,11.17
2011-01-31,11.17
2011-02-01,11.16
2011-02-02,11.17
2011-02-03,11.17
2011-02-04,11.17
2011-02-07,11.17
2011-02-08,11.17
2011-02-09,11.17
2011-02-10,11.17
2011-02-11,11.17
2011-02-14,11.17
2011-02-15,11.17
2011-02-16,11.17
2011-02-17,11.17
2011-02-18,11.17
2011-02-21,11.17
2011-02-22,11.17
2011-02-23,11.17
2011-02-24,11.17
2011-02-25,11.17
2011-02-28,11.17
2011-03-01,11.17
2011-03-02,11.17
2011-03-03,11.67
2011-03-04,11.67
2011-03-09,11.67
2011-03-10,11.67
2011-03-11,11.67
2011-03-14,11.67
2011-03-15,11.67
2011-03-16,11.67
2011-03-17,11.67
2011-03-18,11.67
2011-03-21,11.67
2011-03-22,11.67
2011-03-23,11.67
2011-03-24,11.67
2011-03-25,11.67
2011-03-28,11.67
2011-03-29,11.67
2011-03-30,11.67
2011-03-31,11.67
2011-04-01,11.67
2011-04-04,11.67
2011-04-05,11.67
2011-04-06,11.67
2011-04-07,11.67
2011-04-08,11.67
2011-04-11,11.67
2011-04-12,11.67
2011-04-13,11.67
2011-04-14,11.67
2011-04-15,11.67
2011-04-18,11.67
2011-04-19,11.67
2011-04-20,11.67
2011-04-25,11.92
2011-04-26,11.92
2011-04-27,11.92
2011-04-28,11.92
2011-04-29,11.92
2011-05-02,11.92
2011-05-03,11.92
2011-05-04,11.92
2011-05-05,11.92
2011-05-06,11.92
2011-05-09,11.92
2011-05-10,11.92
2011-05-11,11.92
2011-05-12,11.92
2011-05-13,11.92
2011-05-16,11.92
2011-05-17,11.92
2011-05-18,11.92
2011-05-19,11.92
2011-05-20,11.92
2011-05-23,11.92
2011-05-24,11.92
2011-05-25,11.92
2011-05-26,11.92
2011-05-27,11.92
2011-05-30,11.92
2011-05-31,11.92
2011-06-01,11.92
2011-06-02,11.92
2011-06-03,11.92
2011-06-06,11.92
2011-06-07,11.92
2011-06-08,11.92
2011-06-09,12.17
2011-06-10,12.17
2011-06-13,12.17
2011-06-14,12.17
2011-06-15,12.17
2011-06-16,12.17
2011-06-17,12.17
2011-06-20,12.17
2011-06-21,12.17
2011-06-22,12.17
2011-06-24,12.17
2011-06-27,12.17
2011-06-28,12.17
2011-06-29,12.17
2011-06-30,12.17
2011-07-01,12.17
2011-07-04,12.17
2011-07-05,12.17
2011-07-06,12.17
2011-07-07,12.17
2011-07-08,12.17
2011-07-11,12.17
2011-07-12,12.17
2011-07-13,12.17
2011-07-14,12.17
2011-07-15,12.17
2011-07-18,12.17
2011-07-19,12.17
2011-07-20,12.17
2011-07-21,12.42
2011-07-22,12.42
2011-07-25,12.42
2011-07-26,12.42
2011-07-27,12.42
2011-07-28,12.42
2011-07-29,12.42
2011-08-01,12.42
2011-08-02,12.42
2011-08-03,12.42
2011-08-04,12.42
2011-08-05,12.42
2011-08-08,12.42
2011-08-09,12.42
2011-08-10,12.42
2011-08-11,12.42
2011-08-12,12.42
2011-08-15,12.42
2011-08-16,12.42
2011-08-17,12.42
2011-08-18,12.42
2011-08-19,12.42
2011-08-22,12.42
2011-08-23,12.42
2011-08-24,12.42
2011-08-25,12.41
2011-08-26,12.41
2011-08-29,12.41
2011-08-30,12.41
2011-08-31,12.41
2011-09-01,11.91
2011-09-02,11.91
2011-09-05,11.91
2011-09-06,11.91
2011-09-08,11.91
2011-09-09,11.91
2011-09-12,11.91
2011-09-13,11.91
2011-09-14,11.91
2011-09-15,11.91
2011-09-16,11.91
2011-09-19,11.9
2011-09-20,11.9
2011-09-21,11.9
2011-09-22,11.9
2011-09-23,11.9
2011-09-26,11.9
2011-09-27,11.9
2011-09-28,11.9
2011-09-29,11.9
2011-09-30,11.9
2011-10-03,11.9
2011-10-04,11.9
2011-10-05,11.9
2011-10-06,11.9
2011-10-07,11.9
2011-10-10,11.9
2011-10-11,11.9
2011-10-13,11.9
2011-10-14,11.9
2011-10-17,11.9
2011-10-18,11.9
2011-10-19,11.89
2011-10-20,11.4
2011-10-21,11.4
2011-10-24,11.4
2011-10-25,11.4
2011-10-26,11.4
2011-10-27,11.4
2011-10-28,11.4
2011-10-31,11.4
2011-11-01,11.4
2011-11-03,11.4
2011-11-04,11.4
2011-11-07,11.4
2011-11-08,11.4
2011-11-09,11.4
2011-11-10,11.4
2011-11-11,11.4
2011-11-14,11.4
2011-11-16,11.4
2011-11-17,11.4
2011-11-18,11.4
2011-11-21,11.4
2011-11-22,11.4
2011-11-23,11.4
2011-11-24,11.4
2011-11-25,11.4
2011-11-28,11.4
2011-11-29,11.4
2011-11-30,11.4
2011-12-01,10.9
2011-12-02,10.9
2011-12-05,10.9
2011-12-06,10.9
2011-12-07,10.9
2011-12-08,10.9
2011-12-09,10.9
2011-12-12,10.9
2011-12-13,10.9
2011-12-14,10.9
2011-12-15,10.9
2011-12-16,10.9
2011-12-19,10.9
2011-12-20,10.9
2011-12-21,10.9
2011-12-22,10.9
2011-12-23,10.9
2011-12-26,10.9
2011-12-27,10.9
2011-12-28,10.9
2011-12-29,10.9
2011-12-30,10.91
2012-01-02,10.9
2012-01-03,10.9
2012-01-04,10.9
2012-01-05,10.9
2012-01-06,10.9
2012-01-09,10.9
2012-01-10,10.9
2012-01-11,10.9
2012-01-12,10.9
2012-01-13,10.9
2012-01-16,10.9
2012-01-17,10.9
2012-01-18,10.9
2012-01-19,10.4
2012-01-20,10.4
2012-01-23,10.4
2012-01-24,10.4
2012-01-25,10.4
2012-01-26,10.4
2012-01-27,10.4
2012-01-30,10.4
2012-01-31,10.4
2012-02-01,10.4
2012-02-02,10.4
2012-02-03,10.4
2012-02-06,10.4
2012-02-07,10.4
2012-02-08,10.4
2012-02-09,10.4
2012-02-10,10.4
2012-02-13,10.4
2012-02-14,10.4
2012-02-15,10.4
2012-02-16,10.4
2012-02-17,10.4
2012-02-22,10.4
2012-02-23,10.4
2012-02-24,10.4
2012-02-27,10.4
2012-02-28,10.4
2012-02-29,10.4
2012-03-01,10.4
2012-03-02,10.4
2012-03-05,10.4
2012-03-06,10.4
2012-03-07,10.4
2012-03-08,9.65
2012-03-09,9.65
2012-03-12,9.65
2012-03-13,9.65
2012-03-14,9.65
2012-03-15,9.65
2012-03-16,9.65
2012-03-19,9.65
2012-03-20,9.65
2012-03-21,9.65
2012-03-22,9.65
2012-03-23,9.65
2012-03-26,9.65
2012-03-27,9.65
2012-03-28,9.65
2012-03-29,9.65
2012-03-30,9.65
2012-04-02,9.65
2012-04-03,9.65
2012-04-04,9.65
2012-04-05,9.65
2012-04-09,9.65
2012-04-10,9.65
2012-04-11,9.65
2012-04-12,9.65
2012-04-13,9.65
2012-04-16,9.65
2012-04-17,9.65
2012-04-18,9.65
2012-04-19,8.9
2012-04-20,8.9
2012-04-23,8.9
2012-04-24,8.9
2012-04-25,8.9
2012-04-26,8.9
2012-04-27,8.9
2012-04-30,8.9
2012-05-02,8.9
2012-05-03,8.9
2012-05-04,8.9
2012-05-07,8.9
2012-05-08,8.9
2012-05-09,8.9
2012-05-10,8.9
2012-05-11,8.9
2012-05-14,8.89
2012-05-15,8.89
2012-05-16,8.89
2012-05-17,8.89
2012-05-18,8.89
2012-05-21,8.89
2012-05-22,8.89
2012-05-23,8.89
2012-05-24,8.89
2012-05-25,8.89
2012-05-28,8.89
2012-05-29,8.89
2012-05-30,8.88
2012-05-31,8.39
2012-06-01,8.39
2012-06-04,8.39
2012-06-05,8.39
2012-06-06,8.39
2012-06-08,8.39
2012-06-11,8.39
2012-06-12,8.39
2012-06-13,8.39
2012-06-14,8.39
2012-06-15,8.39
2012-06-18,8.39
2012-06-19,8.39
2012-06-20,8.39
2012-06-21,8.39
2012-06-22,8.39
2012-06-25,8.39
2012-06-26,8.39
2012-06-27,8.39
2012-06-28,8.39
2012-06-29,8.4
2012-07-02,8.39
2012-07-03,8.39
2012-07-04,8.39
2012-07-05,8.39
2012-07-06,8.39
2012-07-09,8.39
2012-07-10,8.39
2012-07-11,8.39
2012-07-12,7.89
2012-07-13,7.89
2012-07-16,7.89
2012-07-17,7.89
2012-07-18,7.89
2012-07-19,7.89
2012-07-20,7.89
2012-07-23,7.89
2012-07-24,7.89
2012-07-25,7.89
2012-07-26,7.89
2012-07-27,7.89
2012-07-30,7.89
2012-07-31,7.89
2012-08-01,7.89
2012-08-02,7.89
2012-08-03,7.89
2012-08-06,7.89
2012-08-07,7.89
2012-08-08,7.89
2012-08-09,7.89
2012-08-10,7.89
2012-08-13,7.89
2012-08-14,7.89
2012-08-15,7.89
2012-08-16,7.89
2012-08-17,7.89
2012-08-20,7.89
2012-08-21,7.89
2012-08-22,7.89
2012-08-23,7.89
2012-08-24,7.89
2012-08-27,7.89
2012-08-28,7.89
2012-08-29,7.89
2012-08-30,7.39
2012-08-31,7.39
2012-09-03,7.39
2012-09-04,7.39
2012-09-05,7.39
2012-09-06,7.39
2012-09-10,7.39
2012-09-11,7.39
2012-09-12,7.39
2012-09-13,7.39
2012-09-14,7.39
2012-09-17,7.39
2012-09-18,7.39
2012-09-19,7.39
2012-09-20,7.39
2012-09-21,7.39
2012-09-24,7.39
2012-09-25,7.39
2012-09-26,7.39
2012-09-27,7.39
2012-09-28,7.39
2012-10-01,7.39
2012-10-02,7.39
2012-10-03,7.39
2012-10-04,7.39
2012-10-05,7.39
2012-10-08,7.39
2012-10-09,7.39
2012-10-10,7.39
2012-10-11,7.14
2012-10-15,7.14
2012-10-16,7.14
2012-10-17,7.14
2012-10-18,7.14
2012-10-19,7.14
2012-10-22,7.14
2012-10-23,7.14
2012-10-24,7.14
2012-10-25,7.14
2012-10-26,7.14
2012-10-29,7.14
2012-10-30,7.14
2012-10-31,7.14
2012-11-01,7.14
2012-11-05,7.14
2012-11-06,7.14
2012-11-07,7.14
2012-11-08,7.14
2012-11-09,7.14
2012-11-12,7.14
2012-11-13,7.14
2012-11-14,7.14
2012-11-16,7.14
2012-11-19,7.14
2012-11-20,7.14
2012-11-21,7.14
2012-11-22,7.14
2012-11-23,7.14
2012-11-26,7.14
2012-11-27,7.14
2012-11-28,7.14
2012-11-29,7.14
2012-11-30,7.14
2012-12-03,7.14
2012-12-04,7.14
2012-12-05,7.14
2012-12-06,7.14
2012-12-07,7.14
2012-12-10,7.14
2012-12-11,7.13
2012-12-12,7.13
2012-12-13,7.13
2012-12-14,7.12
2012-12-17,7.12
2012-12-18,7.11
2012-12-19,7.11
2012-12-20,7.11
2012-12-21,7.11
2012-12-24,7.19
2012-12-26,7.24
2012-12-27,7.25
2012-12-28,7.27
2012-12-31,7.29
2013-01-02,7.11
2013-01-03,7.11
2013-01-04,7.11
2013-01-07,7.11
2013-01-08,7.11
2013-01-09,7.11
2013-01-10,7.11
2013-01-11,7.11
2013-01-14,7.11
2013-01-15,7.11
2013-01-16,7.11
2013-01-17,7.11
2013-01-18,7.11
2013-01-21,7.11
2013-01-22,7.11
2013-01-23,7.11
2013-01-24,7.11
2013-01-25,7.11
2013-01-28,7.11
2013-01-29,7.11
2013-01-30,7.11
2013-01-31,7.11
2013-02-01,7.11
2013-02-04,7.11
2013-02-05,7.11
2013-02-06,7.11
2013-02-07,7.11
2013-02-08,7.11
2013-02-13,7.11
2013-02-14,7.11
2013-02-15,7.11
2013-02-18,7.11
2013-02-19,7.11
2013-02-20,7.11
2013-02-21,7.11
2013-02-22,7.11
2013-02-25,7.11
2013-02-26,7.18
2013-02-27,7.2
2013-02-28,7.2
2013-03-01,7.14
2013-03-04,7.12
2013-03-05,7.12
2013-03-06,7.14
2013-03-07,7.12
2013-03-08,7.13
2013-03-11,7.13
2013-03-12,7.14
2013-03-13,7.15
2013-03-14,7.16
2013-03-15,7.16
2013-03-18,7.16
2013-03-19,7.16
2013-03-20,7.16
2013-03-21,7.16
2013-03-22,7.16
2013-03-25,7.16
2013-03-26,7.16
2013-03-27,7.16
2013-03-28,7.16
2013-04-01,7.16
2013-04-02,7.16
2013-04-03,7.16
2013-04-04,7.16
2013-04-05,7.16
2013-04-08,7.16
2013-04-09,7.16
2013-04-10,7.16
2013-04-11,7.16
2013-04-12,7.16
2013-04-15,7.16
2013-04-16,7.16
2013-04-17,7.16
2013-04-18,7.41
2013-04-19,7.41
2013-04-22,7.4
2013-04-23,7.4
2013-04-24,7.4
2013-04-25,7.4
2013-04-26,7.4
2013-04-29,7.4
2013-04-30,7.4
2013-05-02,7.4
2013-05-03,7.4
2013-05-06,7.4
2013-05-07,7.4
2013-05-08,7.4
2013-05-09,7.4
2013-05-10,7.4
2013-05-13,7.4
2013-05-14,7.4
2013-05-15,7.4
2013-05-16,7.4
2013-05-17,7.4
2013-05-20,7.4
2013-05-21,7.4
2013-05-22,7.4
2013-05-23,7.4
2013-05-24,7.4
2013-05-27,7.4
2013-05-28,7.4
2013-05-29,7.4
2013-05-31,7.9
2013-06-03,7.9
2013-06-04,7.9
2013-06-05,7.9
2013-06-06,7.9
2013-06-07,7.9
2013-06-10,7.9
2013-06-11,7.9
2013-06-12,7.9
2013-06-13,7.9
2013-06-14,7.9
2013-06-17,7.9
2013-06-18,7.9
2013-06-19,7.9
2013-06-20,7.9
2013-06-21,7.9
2013-06-24,7.9
2013-06-25,7.9
2013-06-26,7.9
2013-06-27,7.9
2013-06-28,7.9
2013-07-01,7.9
2013-07-02,7.9
2013-07-03,7.9
2013-07-04,7.9
2013-07-05,7.9
2013-07-08,7.9
2013-07-09,7.9
2013-07-10,7.9
2013-07-11,8.4
2013-07-12,8.4
2013-07-15,8.4
2013-07-16,8.4
2013-07-17,8.4
2013-07-18,8.4
2013-07-19,8.4
2013-07-22,8.4
2013-07-23,8.4
2013-07-24,8.4
2013-07-25,8.4
2013-07-26,8.4
2013-07-29,8.4
2013-07-30,8.4
2013-07-31,8.4
2013-08-01,8.4
2013-08-02,8.4
2013-08-05,8.4
2013-08-06,8.4
2013-08-07,8.4
2013-08-08,8.4
2013-08-09,8.4
2013-08-12,8.4
2013-08-13,8.4
2013-08-14,8.4
2013-08-15,8.4
2013-08-16,8.4
2013-08-19,8.4
2013-08-20,8.4
2013-08-21,8.4
2013-08-22,8.4
2013-08-23,8.4
2013-08-26,8.4
2013-08-27,8.4
2013-08-28,8.4
2013-08-29,8.9
2013-08-30,8.9
2013-09-02,8.9
2013-09-03,8.9
2013-09-04,8.9
2013-09-05,8.9
2013-09-06,8.9
2013-09-09,8.9
2013-09-10,8.9
2013-09-11,8.9
2013-09-12,8.9
2013-09-13,8.9
2013-09-16,8.9
2013-09-17,8.9
2013-09-18,8.9
2013-09-19,8.9
2013-09-20,8.9
2013-09-23,8.9
2013-09-24,8.9
2013-09-25,8.9
2013-09-26,8.9
2013-09-27,8.9
2013-09-30,8.9
2013-10-01,8.9
2013-10-02,8.9
2013-10-03,8.9
2013-10-04,8.9
2013-10-07,8.9
2013-10-08,8.9
2013-10-09,8.9
2013-10-10,9.4
2013-10-11,9.4
2013-10-14,9.4
2013-10-15,9.4
2013-10-16,9.4
2013-10-17,9.4
2013-10-18,9.4
2013-10-21,9.4
2013-10-22,9.4
2013-10-23,9.4
2013-10-24,9.4
2013-10-25,9.4
2013-10-28,9.4
2013-10-29,9.4
2013-10-30,9.4
2013-10-31,9.4
2013-11-01,9.4
2013-11-04,9.4
2013-11-05,9.4
2013-11-06,9.4
2013-11-07,9.4
2013-11-08,9.4
2013-11-11,9.4
2013-11-12,9.4
2013-11-13,9.4
2013-11-14,9.4
2013-11-18,9.4
2013-11-19,9.4
2013-11-20,9.4
2013-11-21,9.4
2013-11-22,9.4
2013-11-25,9.4
2013-11-26,9.4
2013-11-27,9.4
2013-11-28,9.9
2013-11-29,9.9
2013-12-02,9.9
2013-12-03,9.9
2013-12-04,9.9
2013-12-05,9.9
2013-12-06,9.89
2013-12-09,9.9
2013-12-10,9.9
2013-12-11,9.9
2013-12-12,9.9
2013-12-13,9.9
2013-12-16,9.9
2013-12-17,9.9
2013-12-18,9.9
2013-12-19,9.9
2013-12-20,9.9
2013-12-23,9.9
2013-12-24,9.9
2013-12-26,9.9
2013-12-27,9.9
2013-12-30,9.9
2013-12-31,9.9
2014-01-02,9.9
2014-01-03,9.9
2014-01-06,9.9
2014-01-07,9.9
2014-01-08,9.9
2014-01-09,9.9
2014-01-10,9.9
2014-01-13,9.9
2014-01-14,9.9
2014-01-15,9.9
2014-01-16,10.4
2014-01-17,10.4
2014-01-20,10.4
2014-01-21,10.4
2014-01-22,10.4
2014-01-23,10.4
2014-01-24,10.4
2014-01-27,10.4
2014-01-28,10.4
2014-01-29,10.4
2014-01-30,10.4
2014-01-31,10.4
2014-02-03,10.4
2014-02-04,10.4
2014-02-05,10.4
2014-02-06,10.4
2014-02-07,10.4
2014-02-10,10.4
2014-02-11,10.4
2014-02-12,10.4
2014-02-13,10.4
2014-02-14,10.4
2014-02-17,10.4
2014-02-18,10.4
2014-02-19,10.4
2014-02-20,10.4
2014-02-21,10.4
2014-02-24,10.4
2014-02-25,10.4
2014-02-26,10.4
2014-02-27,10.65
2014-02-28,10.65
2014-03-05,10.65
2014-03-06,10.65
2014-03-07,10.65
2014-03-10,10.65
2014-03-11,10.65
2014-03-12,10.65
2014-03-13,10.65
2014-03-14,10.65
2014-03-17,10.65
2014-03-18,10.65
2014-03-19,10.65
2014-03-20,10.65
2014-03-21,10.65
2014-03-24,10.65
2014-03-25,10.65
2014-03-26,10.65
2014-03-27,10.65
2014-03-28,10.65
2014-03-31,10.65
2014-04-01,10.65
2014-04-02,10.65
2014-04-03,10.9
2014-04-04,10.9
2014-04-07,10.9
2014-04-08,10.9
2014-04-09,10.9
2014-04-10,10.9
2014-04-11,10.9
2014-04-14,10.9
2014-04-15,10.9
2014-04-16,10.9
2014-04-17,10.9
2014-04-22,10.9
2014-04-23,10.9
2014-04-24,10.9
2014-04-25,10.9
2014-04-28,10.9
2014-04-29,10.9
2014-04-30,10.9
2014-05-02,10.9
2014-05-05,10.9
2014-05-06,10.9
2014-05-07,10.9
2014-05-08,10.9
2014-05-09,10.9
2014-05-12,10.9
2014-05-13,10.9
2014-05-14,10.9
2014-05-15,10.9
2014-05-16,10.9
2014-05-19,10.9
2014-05-20,10.9
2014-05-21,10.9
2014-05-22,10.9
2014-05-23,10.9
2014-05-26,10.9
2014-05-27,10.9
2014-05-28,10.9
2014-05-29,10.9
2014-05-30,10.9
2014-06-02,10.9
2014-06-03,10.9
2014-06-04,10.9
2014-06-05,10.9
2014-06-06,10.9
2014-06-09,10.9
2014-06-10,10.9
2014-06-11,10.9
2014-06-12,10.9
2014-06-13,10.9
2014-06-16,10.9
2014-06-17,10.9
2014-06-18,10.9
2014-06-20,10.9
2014-06-23,10.9
2014-06-24,10.9
2014-06-25,10.9
2014-06-26,10.9
2014-06-27,10.9
2014-06-30,10.9
2014-07-01,10.9
2014-07-02,10.9
2014-07-03,10.9
2014-07-04,10.9
2014-07-07,10.9
2014-07-08,10.9
2014-07-09,10.9
2014-07-10,10.9
2014-07-11,10.9
2014-07-14,10.9
2014-07-15,10.9
2014-07-16,10.9
2014-07-17,10.9
2014-07-18,10.9
2014-07-21,10.9
2014-07-22,10.9
2014-07-23,10.9
2014-07-24,10.9
2014-07-25,10.9
2014-07-28,10.9
2014-07-29,10.9
2014-07-30,10.9
2014-07-31,10.9
2014-08-01,10.9
2014-08-04,10.9
2014-08-05,10.9
2014-08-06,10.9
2014-08-07,10.9
2014-08-08,10.9
2014-08-11,10.9
2014-08-12,10.9
2014-08-13,10.9
2014-08-14,10.9
2014-08-15,10.91
2014-08-18,10.9
2014-08-19,10.9
2014-08-20,10.91
2014-08-21,10.91
2014-08-22,10.9
2014-08-25,10.9
2014-08-26,10.9
2014-08-27,10.9
2014-08-28,10.9
2014-08-29,10.9
2014-09-01,10.9
2014-09-02,10.9
2014-09-03,10.9
2014-09-04,10.9
2014-09-05,10.9
2014-09-08,10.9
2014-09-09,10.9
2014-09-10,10.9
2014-09-11,10.9
2014-09-12,10.9
2014-09-15,10.9
2014-09-16,10.9
2014-09-17,10.9
2014-09-18,10.9
2014-09-19,10.9
2014-09-22,10.9
2014-09-23,10.9
2014-09-24,10.9
2014-09-25,10.9
2014-09-26,10.9
2014-09-29,10.9
2014-09-30,10.9
2014-10-01,10.9
2014-10-02,10.9
2014-10-03,10.9
2014-10-06,10.9
2014-10-07,10.9
2014-10-08,10.9
2014-10-09,10.9
2014-10-10,10.9
2014-10-13,10.9
2014-10-14,10.9
2014-10-15,10.9
2014-10-16,10.9
2014-10-17,10.9
2014-10-20,10.9
2014-10-21,10.9
2014-10-22,10.9
2014-10-23,10.9
2014-10-24,10.9
2014-10-27,10.9
2014-10-28,10.9
2014-10-29,10.9
2014-10-30,11.15
2014-10-31,11.15
2014-11-03,11.15
2014-11-04,11.15
2014-11-05,11.15
2014-11-06,11.15
2014-11-07,11.15
2014-11-10,11.15
2014-11-11,11.15
2014-11-12,11.15
2014-11-13,11.15
2014-11-14,11.15
2014-11-17,11.15
2014-11-18,11.15
2014-11-19,11.15
2014-11-20,11.15
2014-11-21,11.15
2014-11-24,11.15
2014-11-25,11.15
2014-11-26,11.15
2014-11-27,11.15
2014-11-28,11.15
2014-12-01,11.15
2014-12-02,11.15
2014-12-03,11.15
2014-12-04,11.65
2014-12-05,11.65
2014-12-08,11.65
2014-12-09,11.65
2014-12-10,11.65
2014-12-11,11.65
2014-12-12,11.65
2014-12-15,11.65
2014-12-16,11.65
2014-12-17,11.65
2014-12-18,11.65
2014-12-19,11.65
2014-12-22,11.65
2014-12-23,11.65
2014-12-24,11.65
2014-12-26,11.65
2014-12-29,11.65
2014-12-30,11.65
2014-12-31,11.65
2015-01-02,11.65
2015-01-05,11.65
2015-01-06,11.65
2015-01-07,11.65
2015-01-08,11.65
2015-01-09,11.65
2015-01-12,11.65
2015-01-13,11.65
2015-01-14,11.65
2015-01-15,11.65
2015-01-16,11.65
2015-01-19,11.65
2015-01-20,11.65
2015-01-21,11.65
2015-01-22,12.15
2015-01-23,12.15
2015-01-26,12.15
2015-01-27,12.15
2015-01-28,12.15
2015-01-29,12.15
2015-01-30,12.15
2015-02-02,12.15
2015-02-03,12.15
2015-02-04,12.15
2015-02-05,12.15
2015-02-06,12.15
2015-02-09,12.15
2015-02-10,12.15
2015-02-11,12.15
2015-02-12,12.15
2015-02-13,12.15
2015-02-18,12.15
2015-02-19,12.15
2015-02-20,12.15
2015-02-23,12.15
2015-02-24,12.15
2015-02-25,12.15
2015-02-26,12.15
2015-02-27,12.15
2015-03-02,12.15
2015-03-03,12.15
2015-03-04,12.15
2015-03-05,12.65
2015-03-06,12.65
2015-03-09,12.65
2015-03-10,12.65
2015-03-11,12.65
2015-03-12,12.65
2015-03-13,12.65
2015-03-16,12.65
2015-03-17,12.65
2015-03-18,12.65
2015-03-19,12.65
2015-03-20,12.65
2015-03-23,12.65
2015-03-24,12.65
2015-03-25,12.65
2015-03-26,12.65
2015-03-27,12.65
2015-03-30,12.65
2015-03-31,12.65
2015-04-01,12.65
2015-04-02,12.65
2015-04-06,12.65
2015-04-07,12.65
2015-04-08,12.65
2015-04-09,12.65
2015-04-10,12.65
2015-04-13,12.65
2015-04-14,12.65
2015-04-15,12.65
2015-04-16,12.65
2015-04-17,12.65
2015-04-20,12.65
2015-04-22,12.65
2015-04-23,12.65
2015-04-24,12.65
2015-04-27,12.66
2015-04-28,12.67
2015-04-29,12.67
2015-04-30,13.15
2015-05-04,13.15
2015-05-05,13.15
2015-05-06,13.15
2015-05-07,13.15
2015-05-08,13.15
2015-05-11,13.15
2015-05-12,13.15
2015-05-13,13.15
2015-05-14,13.15
2015-05-15,13.15
2015-05-18,13.15
2015-05-19,13.15
2015-05-20,13.15
2015-05-21,13.15
2015-05-22,13.15
2015-05-25,13.15
2015-05-26,13.15
2015-05-27,13.15
2015-05-28,13.15
2015-05-29,13.15
2015-06-01,13.15
2015-06-02,13.15
2015-06-03,13.15
2015-06-05,13.65
2015-06-08,13.65
2015-06-09,13.65
2015-06-10,13.65
2015-06-11,13.65
2015-06-12,13.65
2015-06-15,13.65
2015-06-16,13.65
2015-06-17,13.65
2015-06-18,13.65
2015-06-19,13.65
2015-06-22,13.65
2015-06-23,13.65
2015-06-24,13.65
2015-06-25,13.65
2015-06-26,13.65
2015-06-29,13.65
2015-06-30,13.65
2015-07-01,13.65
2015-07-02,13.65
2015-07-03,13.65
2015-07-06,13.65
2015-07-07,13.65
2015-07-08,13.65
2015-07-09,13.65
2015-07-10,13.65
2015-07-13,13.65
2015-07-14,13.65
2015-07-15,13.65
2015-07-16,13.65
2015-07-17,13.65
2015-07-20,13.65
2015-07-21,13.65
2015-07-22,13.65
2015-07-23,13.65
2015-07-24,13.65
2015-07-27,13.65
2015-07-28,13.65
2015-07-29,13.65
2015-07-30,14.15
2015-07-31,14.15
2015-08-03,14.15
2015-08-04,14.15
2015-08-05,14.15
2015-08-06,14.15
2015-08-07,14.15
2015-08-10,14.15
2015-08-11,14.15
2015-08-12,14.15
2015-08-13,14.15
2015-08-14,14.15
2015-08-17,14.15
2015-08-18,14.15
2015-08-19,14.15
2015-08-20,14.15
2015-08-21,14.15
2015-08-24,14.15
2015-08-25,14.15
2015-08-26,14.15
2015-08-27,14.15
2015-08-28,14.15
2015-08-31,14.15
2015-09-01,14.15
2015-09-02,14.15
2015-09-03,14.15
2015-09-04,14.15
2015-09-08,14.15
2015-09-09,14.15
2015-09-10,14.15
2015-09-11,14.15
2015-09-14,14.15
2015-09-15,14.15
2015-09-16,14.15
2015-09-17,14.15
2015-09-18,14.15
2015-09-21,14.15
2015-09-22,14.15
2015-09-23,14.15
2015-09-24,14.15
2015-09-25,14.15
2015-09-28,14.15
2015-09-29,14.15
2015-09-30,14.15
2015-10-01,14.15
2015-10-02,14.15
2015-10-05,14.15
2015-10-06,14.15
2015-10-07,14.15
2015-10-08,14.15
2015-10-09,14.15
2015-10-13,14.15
2015-10-14,14.15
2015-10-15,14.15
2015-10-16,14.15
2015-10-19,14.15
2015-10-20,14.15
2015-10-21,14.15
2015-10-22,14.15
2015-10-23,14.15
2015-10-26,14.15
2015-10-27,14.15
2015-10-28,14.15
2015-10-29,14.15
2015-10-30,14.15
2015-11-03,14.15
2015-11-04,14.15
2015-11-05,14.15
2015-11-06,14.15
2015-11-09,14.15
2015-11-10,14.15
2015-11-11,14.15
2015-11-12,14.15
2015-11-13,14.15
2015-11-16,14.15
2015-11-17,14.15
2015-11-18,14.15
2015-11-19,14.15
2015-11-20,14.15
2015-11-23,14.15
2015-11-24,14.15
2015-11-25,14.15
2015-11-26,14.15
2015-11-27,14.15
2015-11-30,14.15
2015-12-01,14.15
2015-12-02,14.15
2015-12-03,14.15
2015-12-04,14.15
2015-12-07,14.15
2015-12-08,14.15
2015-12-09,14.15
2015-12-10,14.15
2015-12-11,14.15
2015-12-14,14.15
2015-12-15,14.15
2015-12-16,14.15
2015-12-17,14.15
2015-12-18,14.15
2015-12-21,14.15
2015-12-22,14.15
2015-12-23,14.15
2015-12-24,14.15
2015-12-28,14.15
2015-12-29,14.15
2015-12-30,14.15
2015-12-31,14.15
2016-01-04,14.15
2016-01-05,14.15
2016-01-06,14.15
2016-01-07,14.15
2016-01-08,14.15
2016-01-11,14.15
2016-01-12,14.15
2016-01-13,14.15
2016-01-14,14.15
2016-01-15,14.15
2016-01-18,14.15
2016-01-19,14.15
2016-01-20,14.15
2016-01-21,14.15
2016-01-22,14.15
2016-01-25,14.15
2016-01-26,14.15
2016-01-27,14.15
2016-01-28,14.15
2016-01-29,14.15
2016-02-01,14.15
2016-02-02,14.15
2016-02-03,14.15
2016-02-04,14.15
2016-02-05,14.15
2016-02-10,14.15
2016-02-11,14.15
2016-02-12,14.15
2016-02-15,14.15
2016-02-16,14.15
2016-02-17,14.15
2016-02-18,14.15
2016-02-19,14.15
2016-02-22,14.15
2016-02-23,14.15
2016-02-24,14.15
2016-02-25,14.15
2016-02-26,14.15
2016-02-29,14.15
2016-03-01,14.15
2016-03-02,14.15
2016-03-03,14.15
2016-03-04,14.15
2016-03-07,14.15
2016-03-08,14.15
2016-03-09,14.15
2016-03-10,14.15
2016-03-11,14.15
2016-03-14,14.15
2016-03-15,14.15
2016-03-16,14.15
2016-03-17,14.15
2016-03-18,14.15
2016-03-21,14.15
2016-03-22,14.15
2016-03-23,14.15
2016-03-24,14.15
2016-03-28,14.15
2016-03-29,14.15
2016-03-30,14.15
2016-03-31,14.15
2016-04-01,14.15
2016-04-04,14.15
2016-04-05,14.15
2016-04-06,14.15
2016-04-07,14.15
2016-04-08,14.15
2016-04-11,14.15
2016-04-12,14.15
2016-04-13,14.15
2016-04-14,14.15
2016-04-15,14.15
2016-04-18,14.15
2016-04-19,14.15
2016-04-20,14.15
2016-04-22,14.15
2016-04-25,14.15
2016-04-26,14.15
2016-04-27,14.15
2016-04-28,14.15
2016-04-29,14.15
2016-05-02,14.15
2016-05-03,14.15
2016-05-04,14.15
2016-05-05,14.15
2016-05-06,14.15
2016-05-09,14.15
2016-05-10,14.15
2016-05-11,14.15
2016-05-12,14.15
2016-05-13,14.15
2016-05-16,14.15
2016-05-17,14.15
2016-05-18,14.15
2016-05-19,14.15
2016-05-20,14.15
2016-05-23,14.15
2016-05-24,14.15
2016-05-25,14.15
2016-05-27,14.15
2016-05-30,14.15
2016-05-31,14.15
2016-06-01,14.15
2016-06-02,14.15
2016-06-03,14.15
2016-06-06,14.15
2016-06-07,14.15
2016-06-08,14.15
2016-06-09,14.15
2016-06-10,14.15
2016-06-13,14.15
2016-06-14,14.15
2016-06-15,14.15
2016-06-16,14.15
2016-06-17,14.15
2016-06-20,14.15
2016-06-21,14.15
2016-06-22,14.15
2016-06-23,14.15
2016-06-24,14.15
2016-06-27,14.15
2016-06-28,14.15
2016-06-29,14.15
2016-06-30,14.15
2016-07-01,14.15
2016-07-04,14.15
2016-07-05,14.15
2016-07-06,14.15
2016-07-07,14.15
2016-07-08,14.15
2016-07-11,14.15
2016-07-12,14.15
2016-07-13,14.15
2016-07-14,14.15
2016-07-15,14.15
2016-07-18,14.15
2016-07-19,14.15
2016-07-20,14.15
2016-07-21,14.15
2016-07-22,14.15
2016-07-25,14.15
2016-07-26,14.15
2016-07-27,14.15
2016-07-28,14.15
2016-07-29,14.15
2016-08-01,14.15
2016-08-02,14.15
2016-08-03,14.15
2016-08-04,14.15
2016-08-05,14.15
2016-08-08,14.15
2016-08-09,14.15
2016-08-10,14.15
2016-08-11,14.15
2016-08-12,14.15
2016-08-15,14.15
2016-08-16,14.15
2016-08-17,14.15
2016-08-18,14.15
2016-08-19,14.15
2016-08-22,14.15
2016-08-23,14.15
2016-08-24,14.15
2016-08-25,14.15
2016-08-26,14.15
2016-08-29,14.15
2016-08-30,14.15
2016-08-31,14.15
2016-09-01,14.15
2016-09-02,14.15
2016-09-05,14.15
2016-09-06,14.15
2016-09-08,14.15
2016-09-09,14.15
2016-09-12,14.15
2016-09-13,14.15
2016-09-14,14.15
2016-09-15,14.15
2016-09-16,14.15
2016-09-19,14.15
2016-09-20,14.15
2016-09-21,14.15
2016-09-22,14.15
2016-09-23,14.15
2016-09-26,14.15
2016-09-27,14.15
2016-09-28,14.15
2016-09-29,14.15
2016-09-30,14.15
2016-10-03,14.15
2016-10-04,14.15
2016-10-05,14.15
2016-10-06,14.15
2016-10-07,14.15
2016-10-10,14.15
2016-10-11,14.15
2016-10-13,14.15
2016-10-14,14.15
2016-10-17,14.15
2016-10-18,14.15
2016-10-19,14.15
2016-10-20,13.9
2016-10-21,13.9
2016-10-24,13.9
2016-10-25,13.9
2016-10-26,13.9
2016-10-27,13.9
2016-10-28,13.9
2016-10-31,13.9
2016-11-01,13.9
2016-11-03,13.9
2016-11-04,13.9
2016-11-07,13.9
2016-11-08,13.9
2016-11-09,13.9
2016-11-10,13.9
2016-11-11,13.9
2016-11-14,13.9
2016-11-16,13.9
2016-11-17,13.9
2016-11-18,13.9
2016-11-21,13.9
2016-11-22,13.9
2016-11-23,13.9
2016-11-24,13.9
2016-11-25,13.9
2016-11-28,13.9
2016-11-29,13.9
2016-11-30,13.9
2016-12-01,13.65
2016-12-02,13.65
2016-12-05,13.65
2016-12-06,13.65
2016-12-07,13.65
2016-12-08,13.65
2016-12-09,13.65
2016-12-12,13.65
2016-12-13,13.65
2016-12-14,13.65
2016-12-15,13.65
2016-12-16,13.65
2016-12-19,13.65
2016-12-20,13.65
2016-12-21,13.65
2016-12-22,13.65
2016-12-23,13.65
2016-12-26,13.65
2016-12-27,13.65
2016-12-28,13.65
2016-12-29,13.65
2016-12-30,13.65
2017-01-02,13.65
2017-01-03,13.65
2017-01-04,13.65
2017-01-05,13.65
2017-01-06,13.65
2017-01-09,13.65
2017-01-10,13.65
2017-01-11,13.65
2017-01-12,12.9
2017-01-13,12.9
2017-01-16,12.9
2017-01-17,12.9
2017-01-18,12.9
2017-01-19,12.9
2017-01-20,12.9
2017-01-23,12.9
2017-01-24,12.9
2017-01-25,12.9
2017-01-26,12.9
2017-01-27,12.9
2017-01-30,12.9
2017-01-31,12.9
2017-02-01,12.9
2017-02-02,12.9
2017-02-03,12.9
2017-02-06,12.9
2017-02-07,12.9
2017-02-08,12.9
2017-02-09,12.9
2017-02-10,12.9
2017-02-13,12.9
2017-02-14,12.9
2017-02-15,12.9
2017-02-16,12.9
2017-02-17,12.9
2017-02-20,12.9
2017-02-21,12.9
2017-02-22,12.9
2017-02-23,12.15
2017-02-24,12.15
2017-03-01,12.15
2017-03-02,12.15
2017-03-03,12.15
2017-03-06,12.15
2017-03-07,12.15
2017-03-08,12.15
2017-03-09,12.15
2017-03-10,12.15
2017-03-13,12.15
2017-03-14,12.15
2017-03-15,12.15
2017-03-16,12.15
2017-03-17,12.15
2017-03-20,12.15
2017-03-21,12.15
2017-03-22,12.15
2017-03-23,12.15
2017-03-24,12.15
2017-03-27,12.15
2017-03-28,12.15
2017-03-29,12.15
2017-03-30,12.15
2017-03-31,12.15
2017-04-03,12.15
2017-04-04,12.15
2017-04-05,12.15
2017-04-06,12.15
2017-04-07,12.15
2017-04-10,12.15
2017-04-11,12.15
2017-04-12,12.15
2017-04-13,11.15
2017-04-17,11.15
2017-04-18,11.15
2017-04-19,11.15
2017-04-20,11.15
2017-04-24,11.15
2017-04-25,11.15
2017-04-26,11.15
2017-04-27,11.15
2017-04-28,11.15
2017-05-02,11.15
2017-05-03,11.15
2017-05-04,11.15
2017-05-05,11.15
2017-05-08,11.15
2017-05-09,11.15
2017-05-10,11.15
2017-05-11,11.15
2017-05-12,11.15
2017-05-15,11.15
2017-05-16,11.15
2017-05-17,11.15
2017-05-18,11.15
2017-05-19,11.15
2017-05-22,11.15
2017-05-23,11.15
2017-05-24,11.15
2017-05-25,11.15
2017-05-26,11.15
2017-05-29,11.15
2017-05-30,11.15
2017-05-31,11.15
2017-06-01,10.15
2017-06-02,10.15
2017-06-05,10.15
2017-06-06,10.15
2017-06-07,10.15
2017-06-08,10.15
2017-06-09,10.15
2017-06-12,10.15
2017-06-13,10.15
2017-06-14,10.15
2017-06-16,10.15
2017-06-19,10.15
2017-06-20,10.15
2017-06-21,10.15
2017-06-22,10.15
2017-06-23,10.15
2017-06-26,10.15
2017-06-27,10.15
2017-06-28,10.15
2017-06-29,10.15
2017-06-30,10.15
2017-07-03,10.15
2017-07-04,10.15
2017-07-05,10.15
2017-07-06,10.15
2017-07-07,10.15
2017-07-10,10.15
2017-07-11,10.15
2017-07-12,10.15
2017-07-13,10.15
2017-07-14,10.15
2017-07-17,10.15
2017-07-18,10.15
2017-07-19,10.15
2017-07-20,10.15
2017-07-21,10.15
2017-07-24,10.15
2017-07-25,10.15
2017-07-26,10.15
2017-07-27,9.15
2017-07-28,9.15
2017-07-31,9.15
2017-08-01,9.15
2017-08-02,9.15
2017-08-03,9.15
2017-08-04,9.15
2017-08-07,9.15
2017-08-08,9.15
2017-08-09,9.15
2017-08-10,9.15
2017-08-11,9.15
2017-08-14,9.15
2017-08-15,9.15
2017-08-16,9.15
2017-08-17,9.15
2017-08-18,9.15
2017-08-21,9.15
2017-08-22,9.15
2017-08-23,9.15
2017-08-24,9.15
2017-08-25,9.15
2017-08-28,9.15
2017-08-29,9.15
2017-08-30,9.15
2017-08-31,9.15
2017-09-01,9.15
2017-09-04,9.15
2017-09-05,9.15
2017-09-06,9.15
2017-09-08,8.15
2017-09-11,8.15
2017-09-12,8.15
2017-09-13,8.15
2017-09-14,8.15
2017-09-15,8.15
2017-09-18,8.15
2017-09-19,8.15
2017-09-20,8.15
2017-09-21,8.15
2017-09-22,8.15
2017-09-25,8.15
2017-09-26,8.15
2017-09-27,8.15
2017-09-28,8.15
2017-09-29,8.15
2017-10-02,8.15
2017-10-03,8.15
2017-10-04,8.15
2017-10-05,8.15
2017-10-06,8.15
2017-10-09,8.15
2017-10-10,8.15
2017-10-11,8.15
2017-10-13,8.15
2017-10-16,8.15
2017-10-17,8.15
2017-10-18,8.15
2017-10-19,8.15
2017-10-20,8.15
2017-10-23,8.15
2017-10-24,8.15
2017-10-25,8.15
2017-10-26,7.4
2017-10-27,7.4
2017-10-30,7.4
2017-10-31,7.4
2017-11-01,7.4
2017-11-03,7.4
2017-11-06,7.4
2017-11-07,7.4
2017-11-08,7.4
2017-11-09,7.4
2017-11-10,7.4
2017-11-13,7.4
2017-11-14,7.4
2017-11-16,7.4
2017-11-17,7.4
2017-11-20,7.4
2017-11-21,7.4
2017-11-22,7.4
2017-11-23,7.4
2017-11-24,7.4
2017-11-27,7.4
2017-11-28,7.4
2017-11-29,7.4
2017-11-30,7.4
2017-12-01,7.4
2017-12-04,7.4
2017-12-05,7.4
2017-12-06,7.4
2017-12-07,6.9
2017-12-08,6.9
2017-12-11,6.9
2017-12-12,6.9
2017-12-13,6.9
2017-12-14,6.9
2017-12-15,6.9
2017-12-18,6.9
2017-12-19,6.9
2017-12-20,6.9
2017-12-21,6.9
2017-12-22,6.9
2017-12-26,6.9
2017-12-27,6.9
2017-12-28,6.9
2017-12-29,6.9
2018-01-02,6.9
2018-01-03,6.9
2018-01-04,6.9
2018-01-05,6.9
2018-01-08,6.9
2018-01-09,6.9
2018-01-10,6.9
2018-01-11,6.9
2018-01-12,6.9
2018-01-15,6.9
2018-01-16,6.9
2018-01-17,6.9
2018-01-18,6.9
2018-01-19,6.9
2018-01-22,6.9
2018-01-23,6.9
2018-01-24,6.9
2018-01-25,6.9
2018-01-26,6.9
2018-01-29,6.9
2018-01-30,6.9
2018-01-31,6.9
2018-02-01,6.9
2018-02-02,6.9
2018-02-05,6.9
2018-02-06,6.9
2018-02-07,6.9
2018-02-08,6.65
2018-02-09,6.65
2018-02-14,6.65
2018-02-15,6.65
2018-02-16,6.65
2018-02-19,6.65
2018-02-20,6.65
2018-02-21,6.65
2018-02-22,6.65
2018-02-23,6.65
2018-02-26,6.65
2018-02-27,6.65
2018-02-28,6.65
2018-03-01,6.65
2018-03-02,6.65
2018-03-05,6.65
2018-03-06,6.65
2018-03-07,6.65
2018-03-08,6.65
2018-03-09,6.65
2018-03-12,6.65
2018-03-13,6.65
2018-03-14,6.65
2018-03-15,6.65
2018-03-16,6.65
2018-03-19,6.65
2018-03-20,6.65
2018-03-21,6.65
2018-03-22,6.4
2018-03-23,6.4
2018-03-26,6.4
2018-03-27,6.4
2018-03-28,6.4
2018-03-29,6.4
2018-04-02,6.4
2018-04-03,6.4
2018-04-04,6.4
2018-04-05,6.4
2018-04-06,6.4
2018-04-09,6.4
2018-04-10,6.4
2018-04-11,6.4
2018-04-12,6.4
2018-04-13,6.4
2018-04-16,6.4
2018-04-17,6.4
2018-04-18,6.4
2018-04-19,6.4
2018-04-20,6.4
2018-04-23,6.4
2018-04-24,6.4
2018-04-25,6.4
2018-04-26,6.4
2018-04-27,6.4
2018-04-30,6.4
2018-05-02,6.4
2018-05-03,6.4
2018-05-04,6.4
2018-05-07,6.4
2018-05-08,6.4
2018-05-09,6.4
2018-05-10,6.4
2018-05-11,6.4
2018-05-14,6.4
2018-05-15,6.4
2018-05-16,6.4
2018-05-17,6.4
2018-05-18,6.4
2018-05-21,6.4
2018-05-22,6.4
2018-05-23,6.4
2018-05-24,6.4
2018-05-25,6.4
2018-05-28,6.4
2018-05-29,6.4
2018-05-30,6.4
2018-06-01,6.4
2018-06-04,6.4
2018-06-05,6.4
2018-06-06,6.4
2018-06-07,6.4
2018-06-08,6.4
2018-06-11,6.4
2018-06-12,6.4
2018-06-13,6.4
2018-06-14,6.4
2018-06-15,6.4
2018-06-18,6.4
2018-06-19,6.4
2018-06-20,6.4
2018-06-21,6.4
2018-06-22,6.4
2018-06-25,6.4
2018-06-26,6.4
2018-06-27,6.4
2018-06-28,6.4
2018-06-29,6.4
2018-07-02,6.4
2018-07-03,6.4
2018-07-04,6.4
2018-07-05,6.4
2018-07-06,6.4
2018-07-09,6.4
2018-07-10,6.4
2018-07-11,6.4
2018-07-12,6.4
2018-07-13,6.4
2018-07-16,6.4
2018-07-17,6.4
2018-07-18,6.4
2018-07-19,6.4
2018-07-20,6.4
2018-07-23,6.4
2018-07-24,6.4
2018-07-25,6.4
2018-07-26,6.4
2018-07-27,6.4
2018-07-30,6.4
2018-07-31,6.4
2018-08-01,6.4
2018-08-02,6.4
2018-08-03,6.4
2018-08-06,6.4
2018-08-07,6.4
2018-08-08,6.4
2018-08-09,6.4
2018-08-10,6.4
2018-08-13,6.4
2018-08-14,6.4
2018-08-15,6.4
2018-08-16,6.4
2018-08-17,6.4
2018-08-20,6.4
2018-08-21,6.4
2018-08-22,6.4
2018-08-23,6.4
2018-08-24,6.4
2018-08-27,6.4
2018-08-28,6.4
2018-08-29,6.4
2018-08-30,6.4
2018-08-31,6.4
2018-09-03,6.4
2018-09-04,6.4
2018-09-05,6.4
2018-09-06,6.4
2018-09-10,6.4
2018-09-11,6.4
2018-09-12,6.4
2018-09-13,6.4
2018-09-14,6.4
2018-09-17,6.4
2018-09-18,6.4
2018-09-19,6.4
2018-09-20,6.4
2018-09-21,6.4
2018-09-24,6.4
2018-09-25,6.4
2018-09-26,6.4
2018-09-27,6.4
2018-09-28,6.4
2018-10-01,6.4
2018-10-02,6.4
2018-10-03,6.4
2018-10-04,6.4
